1774094637489;17012.5760;11892.6687;0.00;1972.5;2026.3;1
1774094640387;17012.5760;11892.6688;0.00;1972.5;2026.9;1
1774094643394;17012.5761;11892.6688;0.00;1972.5;2028.0;1
1774094646441;17012.5761;11892.6688;0.00;1972.5;2028.0;2
1774094649492;17012.5762;11892.6688;0.00;1972.5;2028.0;2
1774094652470;17012.5762;11892.6689;0.00;1972.5;2028.1;2
1774094655491;17012.5762;11892.6691;0.00;1972.5;2028.2;2
1774094658483;17012.5763;11892.6687;0.09;1972.5;2028.3;2
1774094661416;17012.5750;11892.6661;0.61;1972.5;2028.2;1
1774099688187;17013.8847;11891.0489;0.01;1594.2;2028.2;6
1774099690068;17013.8852;11891.0485;0.05;1594.2;1641.0;5
1774099692414;17013.8852;11891.0487;0.01;1594.2;1641.0;5
1775293391683;17071.4964;11917.1107;0.10;510.0;561.0;9
1775293394690;17071.4997;11917.1093;0.63;500.0;551.0;7
1775293397616;17071.5008;11917.1100;0.43;507.0;558.0;8
1775293399612;17071.5000;11917.1096;0.00;504.0;555.0;8
1775293401612;17071.4994;11917.1093;0.01;505.0;556.0;3
1775293403627;17071.4991;11917.1091;0.02;505.1;556.1;3
1775293406651;17071.4989;11917.1090;0.02;505.1;556.1;3
1775293409115;17071.4989;11917.1090;0.02;505.1;556.1;3
1775293412628;17071.4988;11917.1090;0.03;505.1;556.1;3
1775293415607;17071.4987;11917.1090;0.03;505.0;556.0;3
1775293418662;17071.4987;11917.1090;0.03;505.9;556.9;3
1775293421698;17071.4986;11917.1089;0.03;505.0;556.0;3
1775293424695;17071.4986;11917.1089;0.03;505.0;556.0;3
1775293427713;17071.4986;11917.1088;0.04;505.0;556.0;3
1775293429459;17071.4986;11917.1088;0.04;505.0;556.0;3
1775293433637;17071.4987;11917.1085;0.03;505.0;556.0;3
1775293436216;17071.4987;11917.1085;0.03;505.0;556.0;3
1775293439610;17071.4987;11917.1083;0.04;505.0;556.0;3
1775293442678;17071.4987;11917.1082;0.03;505.0;556.0;3
1775293445622;17071.4987;11917.1081;0.04;505.0;556.0;3
1775293448668;17071.4988;11917.1080;0.04;505.1;556.1;3
1775293456105;17071.4987;11917.1079;0.19;505.1;556.1;3
1775293458722;17071.4988;11917.1079;0.19;505.1;556.1;3
1775293460407;17071.4992;11917.1078;0.24;505.2;556.2;3
1775293465947;17071.4952;11917.1070;0.12;505.1;556.1;10
1775293468605;17071.4999;11917.1068;0.02;505.0;556.0;7
1775293471612;17071.5001;11917.1068;0.26;505.0;556.0;8
1775293474625;17071.5009;11917.1080;0.07;504.1;555.1;6
1775293476937;17071.5009;11917.1080;0.07;504.1;555.1;4
1775293480690;17071.5015;11917.1082;0.05;500.2;551.2;3
1775293482567;17071.5015;11917.1082;0.05;500.2;551.2;3
1775293486677;17071.5019;11917.1086;0.03;500.1;551.1;3
1775293489688;17071.5019;11917.1086;0.03;500.1;551.1;3
1775293492700;17071.5019;11917.1087;0.03;499.0;550.0;3
1775293495689;17071.5020;11917.1087;0.03;499.0;550.0;3
1775293497669;17071.5020;11917.1090;0.15;500.0;551.0;3
1775293499443;17071.5017;11917.1088;0.11;499.0;550.0;3
1775293501694;17071.5014;11917.1088;0.03;500.0;551.0;3
1775293503657;17071.5014;11917.1088;0.10;500.1;551.1;3
1775293505027;17071.5012;11917.1089;0.25;499.1;550.1;3
1775293506568;17071.5013;11917.1090;0.28;499.1;550.1;3
1775293508254;17071.5015;11917.1122;0.96;499.1;550.1;3
1775293509807;17071.5017;11917.1144;1.13;499.0;550.0;3
1775293511574;17071.5004;11917.1173;1.22;498.9;549.9;3
1775293513691;17071.4994;11917.1207;1.22;498.6;549.6;3
1775293515228;17071.4986;11917.1232;1.26;498.6;549.6;3
1775293516690;17071.4987;11917.1252;1.06;498.5;549.5;3
1775293518473;17071.4987;11917.1276;1.10;498.4;549.4;3
1775293520238;17071.4981;11917.1304;1.18;498.3;549.3;3
1775293521724;17071.4977;11917.1332;1.17;498.2;549.2;3
1775293523431;17071.4975;11917.1359;1.10;498.1;549.1;3
1775293525554;17071.4965;11917.1391;1.19;498.1;549.1;3
1775293527637;17071.4965;11917.1418;1.14;498.1;549.1;3
1775293529957;17071.4958;11917.1461;1.21;498.1;549.1;3
1775293531736;17071.4960;11917.1488;1.20;498.1;549.1;3
1775293533135;17071.4960;11917.1510;1.23;498.1;549.1;3
1775293534652;17071.4963;11917.1542;1.27;498.1;549.1;3
1775293536570;17071.4961;11917.1561;1.22;498.2;549.2;3
1775293538112;17071.4961;11917.1578;1.06;498.2;549.2;3
1775293539850;17071.4961;11917.1599;1.25;498.3;549.3;3
1775293541454;17071.4967;11917.1617;1.24;498.4;549.4;3
1775293543162;17071.4976;11917.1643;1.26;498.5;549.5;3
1775293545347;17071.4995;11917.1655;1.03;498.6;549.6;3
1775293547115;17071.5019;11917.1671;1.16;498.6;549.6;3
1775293548724;17071.5043;11917.1681;1.26;498.6;549.6;3
1775293550438;17071.5067;11917.1699;1.26;498.7;549.7;3
1775293552174;17071.5089;11917.1716;1.27;498.8;549.8;3
1775293553788;17071.5106;11917.1736;1.11;498.2;549.2;3
1775293555595;17071.5120;11917.1750;1.09;498.2;549.2;3
1775293557312;17071.5126;11917.1768;1.05;498.9;549.9;3
1775293558672;17071.5136;11917.1778;0.91;497.9;548.9;3
1775293560222;17071.5145;11917.1790;0.97;497.8;548.8;3
1775293561620;17071.5147;11917.1803;0.64;498.6;549.6;3
1775293563383;17071.5139;11917.1812;0.65;498.5;549.5;3
1775293565483;17071.5121;11917.1810;0.64;497.4;548.4;3
1775293567104;17071.5123;11917.1821;0.68;497.3;548.3;3
1775293568580;17071.5145;11917.1828;0.40;496.6;547.6;3
1775293570678;17071.5146;11917.1834;0.33;496.4;547.4;3
1775293572133;17071.5137;11917.1846;0.37;496.3;547.3;3
1775293774724;17071.5137;11917.1846;0.37;496.3;547.3;3
1775293776359;17071.6598;11917.2530;1.43;478.5;529.5;10
1775293778634;17071.6578;11917.2435;0.86;478.7;529.7;9
1775293781657;17071.6613;11917.2428;0.58;478.2;529.2;6
1775294080597;17071.7771;11917.3495;1.11;469.0;520.0;14
1775294082550;17071.8347;11917.3371;0.92;469.1;520.1;10
1775294084568;17071.8453;11917.3389;0.13;469.1;520.1;9
1775294087644;17071.8472;11917.3390;0.00;469.1;520.1;7
1775294090588;17071.8468;11917.3400;0.02;469.1;520.1;4
1775294092233;17071.8468;11917.3401;0.02;469.1;520.1;4
1775294093626;17071.8453;11917.3406;0.16;469.1;520.1;4
1775294095445;17071.8439;11917.3406;0.75;469.1;520.1;4
1775294097048;17071.8414;11917.3436;1.07;469.0;520.0;4
1775294098669;17071.8399;11917.3461;1.14;469.0;520.0;4
1775294100349;17071.8386;11917.3483;1.13;468.8;519.8;4
1775294101930;17071.8382;11917.3505;1.09;468.5;519.5;3
1775294104407;17071.8386;11917.3512;0.50;468.3;519.3;3
1775294106304;17071.8396;11917.3511;0.41;468.2;519.2;3
1775294108029;17071.8399;11917.3516;0.36;468.1;519.1;3
1775294727065;17072.2400;11917.5356;0.83;406.0;457.0;9
1775294727181;17072.2400;11917.5356;0.83;406.0;457.0;9
1775294728542;17072.2663;11917.5481;0.70;395.1;446.1;8
1775294731593;17072.2658;11917.5508;0.43;395.2;446.2;5
1775294733587;17072.2656;11917.5514;0.40;395.3;446.3;6
1775294735688;17072.2641;11917.5521;0.96;395.5;446.5;6
1775294737453;17072.2620;11917.5516;1.03;395.6;446.6;6
1775294739345;17072.2591;11917.5535;1.02;395.9;446.9;5
1775294741281;17072.2572;11917.5543;0.89;396.4;447.4;3
1775295249747;17072.3702;11917.6445;0.70;479.9;530.9;12
1775295957406;17072.6080;11917.8249;0.63;588.0;639.0;15
1775295960504;17072.6116;11917.8169;0.34;604.0;655.0;10
1775295963384;17072.6086;11917.8158;0.34;605.0;656.0;5
1775295965503;17072.6066;11917.8153;0.72;605.0;656.0;6
1775295967386;17072.6051;11917.8152;0.67;604.4;655.4;5
1775295969198;17072.6039;11917.8151;0.62;604.7;655.7;4
1775295972469;17072.6043;11917.8160;0.30;604.9;655.9;3
1775295974054;17072.6045;11917.8166;0.25;604.9;655.9;3
1775295975391;17072.6054;11917.8174;0.26;603.7;654.7;3
1775295977655;17072.6065;11917.8184;0.51;603.7;654.7;3
1775295979447;17072.6088;11917.8198;0.62;600.2;651.2;3
1775295981082;17072.6102;11917.8205;0.61;600.3;651.3;3
1775295982737;17072.6115;11917.8201;0.67;599.5;650.5;3
1775295984272;17072.6130;11917.8202;0.73;599.8;650.8;3
1775295986045;17072.6134;11917.8207;0.76;599.8;650.8;3
1775295987437;17072.6135;11917.8210;0.52;599.9;650.9;3
1775295989484;17072.6145;11917.8216;0.71;600.2;651.2;3
1775295990980;17072.6146;11917.8217;0.72;599.7;650.7;3
1775295992457;17072.6157;11917.8221;0.73;600.0;651.0;3
1775295994575;17072.6160;11917.8229;0.67;600.2;651.2;3
1775295996395;17072.6173;11917.8234;0.64;600.4;651.4;3
1775295998186;17072.6184;11917.8240;0.74;600.5;651.5;3
1775295999708;17072.6201;11917.8245;0.84;601.0;652.0;3
1775296001111;17072.6216;11917.8250;0.86;601.1;652.1;3
1775296002771;17072.6225;11917.8254;0.68;601.3;652.3;3
1775296004935;17072.6243;11917.8256;0.70;601.7;652.7;3
1775296006353;17072.6248;11917.8256;0.63;601.4;652.4;3
1775296008229;17072.6262;11917.8261;0.64;601.7;652.7;3
1775296010035;17072.6269;11917.8267;0.69;598.8;649.8;3
1775296011431;17072.6280;11917.8277;0.58;597.6;648.6;3
1775296013043;17072.6293;11917.8286;0.71;597.7;648.7;3
1775296014473;17072.6302;11917.8291;0.42;597.9;648.9;3
1775296015976;17072.6309;11917.8296;0.68;598.1;649.1;3
1775296017426;17072.6320;11917.8308;0.78;598.1;649.1;3
1775296471357;17072.7079;11917.9829;0.20;652.2;703.2;11
1775296474332;17072.7141;11917.9780;0.15;652.2;703.2;9
1775296477340;17072.7142;11917.9779;0.13;652.2;703.2;9
1775296480333;17072.7144;11917.9774;0.00;652.2;703.2;9
1775296483454;17072.7145;11917.9772;0.01;652.4;703.4;6
1775296486463;17072.7145;11917.9772;0.01;652.4;703.4;5
1775296489340;17072.7145;11917.9772;0.02;652.4;703.4;4
1775296492452;17072.7145;11917.9773;0.02;652.4;703.4;3
1775296495452;17072.7144;11917.9775;0.29;652.4;703.4;3
1775296498453;17072.7144;11917.9774;0.11;652.4;703.4;3
1775296501446;17072.7144;11917.9777;0.05;652.4;703.4;3
1775296504451;17072.7144;11917.9778;0.03;652.5;703.5;3
1775296507455;17072.7144;11917.9778;0.04;653.9;704.9;3
1775296510490;17072.7145;11917.9779;0.03;653.9;704.9;3
1775296513441;17072.7145;11917.9779;0.02;654.0;705.0;3
1775296516425;17072.7146;11917.9779;0.02;654.0;705.0;3
1775296519455;17072.7146;11917.9780;0.19;654.0;705.0;3
1775296522459;17072.7146;11917.9779;0.09;654.0;705.0;3
1775296525356;17072.7144;11917.9779;0.04;654.0;705.0;3
1775296528445;17072.7143;11917.9777;0.25;654.0;705.0;3
1775296530978;17072.7141;11917.9777;0.25;654.1;705.1;3
1775296534343;17072.7152;11917.9781;0.04;654.1;705.1;3
1775296537451;17072.7155;11917.9782;0.03;654.1;705.1;3
1775296540444;17072.7157;11917.9783;0.03;654.1;705.1;3
1775296543344;17072.7158;11917.9782;0.03;654.1;705.1;3
1775296546474;17072.7160;11917.9781;0.02;654.1;705.1;3
1775296549438;17072.7161;11917.9780;0.02;654.1;705.1;3
1775296552461;17072.7161;11917.9779;0.02;654.0;705.0;3
1775296555342;17072.7162;11917.9779;0.02;654.0;705.0;3
1775296558423;17072.7162;11917.9779;0.02;654.0;705.0;3
1775296561448;17072.7163;11917.9778;0.02;654.0;705.0;3
1775296564446;17072.7163;11917.9778;0.02;654.0;705.0;3
1775296567440;17072.7163;11917.9778;0.02;654.1;705.1;3
1775296570466;17072.7163;11917.9778;0.02;654.0;705.0;3
1775296573443;17072.7164;11917.9779;0.03;654.0;705.0;3
1775296576367;17072.7164;11917.9780;0.24;654.0;705.0;3
1775297295559;17072.7164;11917.9780;0.24;654.0;705.0;3
1775297296318;17072.3946;11918.1176;0.25;769.0;820.0;6
1775297299278;17072.3949;11918.1181;0.21;777.1;828.1;4
1775297302358;17072.3968;11918.1173;0.15;777.3;828.3;5
1775297303750;17072.3967;11918.1172;0.75;777.3;828.3;6
1775297305369;17072.3966;11918.1183;0.59;777.5;828.5;6
1775297307153;17072.3962;11918.1198;0.74;777.6;828.6;5
1775297309197;17072.3951;11918.1210;0.69;777.8;828.8;4
1775297310873;17072.3937;11918.1221;0.78;778.4;829.4;4
1775297312429;17072.3925;11918.1231;0.80;778.8;829.8;3
1775297314111;17072.3913;11918.1242;0.76;779.2;830.2;3
1775297317337;17072.3911;11918.1231;0.21;779.6;830.6;3
1775297319950;17072.3911;11918.1230;0.03;779.9;830.9;3
1775297321742;17072.3912;11918.1236;0.05;780.1;831.1;3
1775297323102;17072.3912;11918.1238;0.10;780.2;831.2;3
1775297324766;17072.3906;11918.1251;0.41;780.3;831.3;3
1775297326161;17072.3903;11918.1263;0.64;780.5;831.5;3
1775297327887;17072.3926;11918.1263;0.62;780.8;831.8;3
1775297329375;17072.3947;11918.1268;0.68;780.8;831.8;3
1775297330729;17072.3966;11918.1269;0.77;781.1;832.1;3
1775297332363;17072.3981;11918.1263;0.76;781.4;832.4;3
1775297334021;17072.3989;11918.1242;0.71;781.7;832.7;3
1775297335655;17072.3994;11918.1225;0.47;782.0;833.0;3
1775297337264;17072.4003;11918.1218;0.54;782.5;833.5;3
1775297338870;17072.4018;11918.1210;0.73;782.6;833.6;3
1775297340544;17072.4032;11918.1201;0.75;782.6;833.6;3
1775297342133;17072.4037;11918.1186;0.70;782.8;833.8;3
1775297343745;17072.4047;11918.1175;0.74;783.2;834.2;3
1775297762299;17072.2475;11918.2128;0.25;844.5;895.5;13
1775297765223;17072.2528;11918.2187;0.26;844.4;895.4;9
1775297768349;17072.2531;11918.2189;0.14;844.5;895.5;7
1775297770420;17072.2541;11918.2175;0.42;844.5;895.5;6
1775297774231;17072.2550;11918.2167;0.08;844.5;895.5;4
1775297777333;17072.2552;11918.2166;0.62;844.5;895.5;3
1775297780335;17072.2560;11918.2163;0.05;844.4;895.4;3
1775297783230;17072.2557;11918.2162;0.00;844.2;895.2;3
1775297786294;17072.2561;11918.2149;0.02;844.3;895.3;2
1775297789320;17072.2566;11918.2137;0.08;844.4;895.4;2
1775297792332;17072.2567;11918.2136;0.00;844.3;895.3;2
1775297795346;17072.2567;11918.2135;0.00;844.4;895.4;2
1775297798375;17072.2567;11918.2135;0.45;844.3;895.3;2
1775297801323;17072.2564;11918.2149;0.51;844.4;895.4;2
1775297804300;17072.2552;11918.2202;0.76;844.3;895.3;2
1775298362267;17072.0835;11918.4062;0.37;934.3;985.3;13
1775298365278;17072.0816;11918.3993;0.22;933.8;984.8;8
1775298368284;17072.0813;11918.3950;0.00;934.3;985.3;3
1775298371280;17072.0814;11918.3954;0.47;934.3;985.3;3
1775298653207;17071.9399;11918.3988;0.23;982.2;1033.2;10
1775298655243;17071.9361;11918.3979;0.57;982.3;1033.3;10
1775298659235;17071.9380;11918.3994;0.37;982.9;1033.9;8
1775298661312;17071.9378;11918.3979;0.72;983.1;1034.1;6
1775298662742;17071.9374;11918.4022;0.71;983.1;1034.1;5
1775298664196;17071.9364;11918.4039;0.82;983.4;1034.4;5
1775298665716;17071.9338;11918.4029;0.68;983.8;1034.8;5
1775298667286;17071.9322;11918.4035;0.79;984.0;1035.0;4
1775298669071;17071.9312;11918.4024;0.72;984.5;1035.5;4
1775298670725;17071.9299;11918.4036;0.83;984.7;1035.7;3
1775298672473;17071.9292;11918.4039;0.81;985.0;1036.0;3
1775298673942;17071.9280;11918.4047;0.81;985.5;1036.5;3
1775298675642;17071.9263;11918.4046;0.72;985.8;1036.8;3
1775298677188;17071.9257;11918.4043;0.43;985.6;1036.6;3
1775298721742;17071.9112;11918.4186;0.19;993.1;1044.1;11
1775298724148;17071.9036;11918.4160;0.35;993.2;1044.2;8
1775298817177;17071.8815;11918.4463;0.31;999.8;1050.8;2
1775298818542;17071.8810;11918.4473;0.78;1000.9;1051.9;13
1775298819961;17071.8772;11918.4482;0.74;1002.4;1053.4;12
1775298821665;17071.8735;11918.4503;0.77;1002.2;1053.2;11
1775298823293;17071.8712;11918.4516;0.82;1002.3;1053.3;11
1775298825000;17071.8690;11918.4516;0.78;1002.8;1053.8;9
1775298826443;17071.8674;11918.4518;0.85;1003.1;1054.1;7
1775298828031;17071.8653;11918.4501;0.83;1004.3;1055.3;5
1775298830177;17071.8627;11918.4500;0.89;1004.7;1055.7;4
1775298831814;17071.8616;11918.4493;0.82;1003.8;1054.8;3
1775298833250;17071.8609;11918.4500;0.64;1005.3;1056.3;3
1775298834653;17071.8599;11918.4508;0.81;1005.5;1056.5;3
1775298836186;17071.8583;11918.4515;0.84;1006.0;1057.0;3
1775298837684;17071.8586;11918.4519;0.75;1005.1;1056.1;3
1775298839182;17071.8586;11918.4521;0.41;1006.5;1057.5;3
1775299173154;17071.6917;11918.5361;0.16;1058.4;1109.4;16
1775299175202;17071.6912;11918.5300;0.11;1059.2;1110.2;12
1775299177186;17071.6926;11918.5327;0.12;1058.3;1109.3;12
1775299180204;17071.6905;11918.5324;0.50;1058.7;1109.7;10
1775299181857;17071.6895;11918.5330;0.65;1058.7;1109.7;10
1775299186217;17071.6853;11918.5295;0.14;1058.3;1109.3;8
1775299187859;17071.6850;11918.5292;0.06;1058.3;1109.3;5
1775299190128;17071.6843;11918.5278;0.13;1058.5;1109.5;4
1775299192177;17071.6843;11918.5273;0.13;1058.7;1109.7;3
1775299195210;17071.6844;11918.5273;0.08;1059.4;1110.4;3
1775299198222;17071.6837;11918.5270;0.05;1058.4;1109.4;3
1775299201223;17071.6835;11918.5269;0.03;1058.3;1109.3;3
1775299204194;17071.6833;11918.5268;0.05;1058.4;1109.4;3
1775299207238;17071.6832;11918.5267;0.14;1058.6;1109.6;3
1775299210176;17071.6832;11918.5269;0.14;1058.5;1109.5;3
1775299213239;17071.6829;11918.5267;0.09;1058.4;1109.4;3
1775299215521;17071.6827;11918.5266;0.09;1058.3;1109.3;3
1775299217024;17071.6823;11918.5263;0.48;1058.3;1109.3;3
1775299219109;17071.6810;11918.5256;0.04;1058.3;1109.3;3
1775299222232;17071.6808;11918.5254;0.03;1058.3;1109.3;3
1775299225234;17071.6807;11918.5254;0.02;1058.0;1109.0;3
1775299228232;17071.6806;11918.5254;0.13;1058.0;1109.0;3
1775299229845;17071.6806;11918.5252;0.13;1058.0;1109.0;3
1775299234226;17071.6803;11918.5255;0.06;1058.1;1109.1;3
1775299237073;17071.6802;11918.5255;0.03;1058.1;1109.1;3
1775299240235;17071.6797;11918.5257;0.03;1057.7;1108.7;3
1775299243233;17071.6796;11918.5257;0.05;1057.3;1108.3;3
1775299246228;17071.6796;11918.5257;0.05;1058.0;1109.0;3
1775299363139;17071.6767;11918.5962;0.47;1065.1;1116.1;12
1775299366215;17071.6780;11918.5976;0.98;1065.0;1116.0;9
1775299369096;17071.6748;11918.5998;0.94;1065.3;1116.3;7
1775299372217;17071.6732;11918.5997;0.12;1065.0;1116.0;6
1775299375103;17071.6731;11918.5994;0.07;1065.2;1116.2;3
1775299378214;17071.6728;11918.5993;0.09;1065.7;1116.7;3
1775299381211;17071.6722;11918.5986;0.13;1065.0;1116.0;3
1775299383511;17071.6721;11918.5985;0.07;1065.0;1116.0;3
1775299384902;17071.6733;11918.5978;0.17;1064.9;1115.9;3
1775299386660;17071.6738;11918.5977;0.32;1064.9;1115.9;3
1775299388152;17071.6771;11918.5958;0.50;1065.2;1116.2;3
1775299389834;17071.6792;11918.5949;0.77;1065.3;1116.3;4
1775299392111;17071.6834;11918.5923;0.93;1065.2;1116.2;4
1775299393491;17071.6845;11918.5897;0.74;1064.9;1115.9;3
1775299395156;17071.6855;11918.5879;0.77;1064.9;1115.9;3
1775299396901;17071.6859;11918.5844;0.82;1064.9;1115.9;3
1775299398792;17071.6873;11918.5824;0.90;1064.9;1115.9;3
1775299400528;17071.6875;11918.5793;0.84;1064.8;1115.8;3
1775299401903;17071.6880;11918.5778;0.82;1064.7;1115.7;3
1775299403624;17071.6887;11918.5762;0.83;1064.7;1115.7;3
1775299405137;17071.6897;11918.5741;0.89;1064.9;1115.9;3
1775299407181;17071.6915;11918.5705;0.79;1064.6;1115.6;3
1775299408688;17071.6925;11918.5672;0.90;1064.8;1115.8;3
1775299410291;17071.6931;11918.5649;0.96;1064.5;1115.5;4
1775299411926;17071.6925;11918.5623;0.86;1064.2;1115.2;3
1775299413963;17071.6928;11918.5595;0.97;1063.7;1114.7;3
1775299415498;17071.6933;11918.5577;0.89;1063.5;1114.5;3
1775299417200;17071.6937;11918.5558;0.82;1063.9;1114.9;3
1775299419118;17071.6939;11918.5538;0.79;1063.7;1114.7;3
1775299420913;17071.6935;11918.5524;0.43;1062.8;1113.8;3
1775299422701;17071.6935;11918.5515;0.42;1062.4;1113.4;3
1775299424720;17071.6933;11918.5486;0.58;1062.2;1113.2;3
1775299426168;17071.6938;11918.5472;0.53;1062.1;1113.1;3
1775299427970;17071.6946;11918.5463;0.47;1062.1;1113.1;3
1775299429842;17071.6960;11918.5447;0.56;1062.2;1113.2;3
1775299431196;17071.6966;11918.5435;0.64;1062.3;1113.3;3
1775299433400;17071.6981;11918.5417;0.77;1062.3;1113.3;3
1775299435207;17071.6993;11918.5365;0.86;1061.9;1112.9;3
1775299437158;17071.7003;11918.5322;0.89;1061.9;1112.9;3
1775299438711;17071.7023;11918.5308;0.84;1061.9;1112.9;3
1775299440221;17071.7041;11918.5304;0.85;1061.8;1112.8;3
1775299441868;17071.7062;11918.5315;0.68;1062.1;1113.1;3
1775299443193;17071.7075;11918.5314;0.73;1062.2;1113.2;3
1775299444583;17071.7089;11918.5331;0.75;1062.2;1113.2;3
1775299446163;17071.7102;11918.5342;0.79;1062.3;1113.3;3
1775299447882;17071.7114;11918.5359;0.73;1062.3;1113.3;3
1775299449301;17071.7126;11918.5365;0.79;1062.4;1113.4;3
1775299450640;17071.7131;11918.5373;0.64;1062.9;1113.9;3
1775299452565;17071.7141;11918.5381;0.51;1063.4;1114.4;3
1775299454208;17071.7135;11918.5381;0.28;1063.5;1114.5;3
1775299455882;17071.7136;11918.5380;0.18;1063.5;1114.5;3
1775299458201;17071.7138;11918.5383;0.16;1063.3;1114.3;3
1775299459915;17071.7142;11918.5392;0.19;1063.5;1114.5;3
1775299461456;17071.7143;11918.5396;0.27;1063.6;1114.6;3
1775299463385;17071.7150;11918.5402;0.28;1063.9;1114.9;3
1775299465098;17071.7163;11918.5410;0.44;1063.9;1114.9;3
1775299467012;17071.7174;11918.5417;0.53;1064.6;1115.6;3
1775299468381;17071.7190;11918.5418;0.37;1064.7;1115.7;3
1775299471180;17071.7198;11918.5420;0.11;1064.8;1115.8;3
1775299472982;17071.7197;11918.5421;0.08;1064.9;1115.9;3
1775299474557;17071.7201;11918.5433;0.08;1064.9;1115.9;3
1775299476649;17071.7203;11918.5436;0.12;1064.9;1115.9;3
1775299478650;17071.7218;11918.5457;0.22;1064.8;1115.8;3
1775299480194;17071.7227;11918.5460;0.14;1065.1;1116.1;3
1775299482136;17071.7231;11918.5465;0.26;1065.2;1116.2;3
1775299485033;17071.7239;11918.5463;0.21;1065.3;1116.3;3
1775299489220;17071.7249;11918.5454;0.08;1065.3;1116.3;3
1775299492219;17071.7251;11918.5454;0.10;1065.2;1116.2;3
1775299493941;17071.7252;11918.5456;0.14;1065.1;1116.1;3
1775299497767;17071.7254;11918.5455;0.09;1065.1;1116.1;3
1775299499816;17071.7252;11918.5454;0.15;1065.0;1116.0;3
1775299501209;17071.7251;11918.5455;0.14;1065.0;1116.0;3
1775299502935;17071.7249;11918.5458;0.21;1065.1;1116.1;3
1775299504816;17071.7240;11918.5459;0.22;1065.1;1116.1;3
1775299506693;17071.7234;11918.5463;0.31;1065.6;1116.6;3
1775299508257;17071.7229;11918.5470;0.32;1065.9;1116.9;3
1775299509930;17071.7224;11918.5474;0.33;1066.2;1117.2;3
1775299512773;17071.7222;11918.5473;0.17;1067.0;1118.0;3
1775299514449;17071.7213;11918.5474;0.29;1067.3;1118.3;3
1775299516202;17071.7205;11918.5474;0.38;1067.4;1118.4;3
1775299517756;17071.7199;11918.5484;0.34;1067.3;1118.3;3
1775299519224;17071.7199;11918.5489;0.37;1067.3;1118.3;3
1775299520749;17071.7196;11918.5499;0.26;1067.4;1118.4;3
1775299522230;17071.7197;11918.5501;0.23;1067.5;1118.5;3
1775299524079;17071.7200;11918.5507;0.31;1067.8;1118.8;3
1775299525719;17071.7204;11918.5521;0.65;1067.9;1118.9;3
1775299527349;17071.7200;11918.5534;0.67;1068.0;1119.0;3
1775299529484;17071.7203;11918.5540;0.37;1068.5;1119.5;3
1775299531152;17071.7202;11918.5549;0.41;1068.9;1119.9;3
1775299532679;17071.7204;11918.5557;0.42;1069.1;1120.1;3
1775299534174;17071.7202;11918.5566;0.44;1069.3;1120.3;3
1775299535647;17071.7201;11918.5566;0.34;1069.4;1120.4;3
1775299540564;17071.7174;11918.5625;0.52;1070.3;1121.3;6
1775299543178;17071.7169;11918.5632;0.17;1071.4;1122.4;8
1775299545287;17071.7171;11918.5634;0.35;1071.8;1122.8;9
1775299547060;17071.7178;11918.5656;0.64;1071.9;1122.9;6
1775299548545;17071.7176;11918.5662;0.66;1071.9;1122.9;6
1775299550133;17071.7175;11918.5680;0.59;1072.1;1123.1;5
1775299551791;17071.7178;11918.5692;0.72;1072.3;1123.3;4
1775299553314;17071.7179;11918.5694;0.68;1072.7;1123.7;4
1775299555174;17071.7177;11918.5703;0.53;1073.0;1124.0;3
1775299556705;17071.7170;11918.5711;0.62;1073.2;1124.2;3
1775299558218;17071.7167;11918.5724;0.69;1073.5;1124.5;3
1775299559924;17071.7184;11918.5729;0.74;1073.7;1124.7;3
1775299561722;17071.7199;11918.5720;0.50;1073.8;1124.8;3
1775299563483;17071.7203;11918.5726;0.52;1074.1;1125.1;3
1775299565180;17071.7193;11918.5723;0.43;1074.4;1125.4;3
1775299566648;17071.7188;11918.5733;0.54;1074.7;1125.7;3
1775299568070;17071.7187;11918.5722;0.45;1075.4;1126.4;3
1775299569964;17071.7184;11918.5735;0.57;1075.6;1126.6;3
1775299571763;17071.7184;11918.5733;0.42;1075.9;1126.9;3
1775299573084;17071.7179;11918.5737;0.38;1076.0;1127.0;3
1775299574923;17071.7173;11918.5732;0.34;1076.3;1127.3;3
1775299576810;17071.7156;11918.5728;0.54;1076.3;1127.3;3
1775299578224;17071.7143;11918.5730;0.66;1076.3;1127.3;3
1775299579869;17071.7140;11918.5747;0.57;1076.4;1127.4;3
1775299581801;17071.7142;11918.5763;0.63;1076.4;1127.4;3
1775299583953;17071.7158;11918.5773;0.55;1076.4;1127.4;3
1775299585584;17071.7168;11918.5778;0.43;1076.8;1127.8;3
1775299587174;17071.7172;11918.5786;0.46;1077.1;1128.1;3
1775299588712;17071.7173;11918.5796;0.40;1077.0;1128.0;3
1775299590367;17071.7170;11918.5808;0.61;1077.6;1128.6;3
1775299592350;17071.7165;11918.5823;0.55;1078.0;1129.0;3
1775299594199;17071.7161;11918.5836;0.51;1078.1;1129.1;3
1775299595966;17071.7160;11918.5851;0.59;1078.5;1129.5;3
1775299597846;17071.7165;11918.5857;0.39;1078.8;1129.8;3
1775299599680;17071.7173;11918.5863;0.49;1079.6;1130.6;3
1775299601510;17071.7182;11918.5860;0.43;1079.8;1130.8;3
1775299603199;17071.7192;11918.5856;0.48;1080.1;1131.1;3
1775299605614;17071.7204;11918.5850;0.43;1080.3;1131.3;3
1775299607179;17071.7217;11918.5848;0.37;1080.9;1131.9;3
1775299608948;17071.7227;11918.5847;0.45;1081.1;1132.1;3
1775299610954;17071.7243;11918.5848;0.51;1081.4;1132.4;3
1775299612657;17071.7258;11918.5850;0.57;1081.6;1132.6;3
1775299614265;17071.7269;11918.5858;0.63;1081.6;1132.6;3
1775299616377;17071.7267;11918.5869;0.42;1082.0;1133.0;3
1775299618133;17071.7264;11918.5880;0.48;1082.3;1133.3;3
1775299619855;17071.7265;11918.5891;0.45;1082.6;1133.6;3
1775299621534;17071.7264;11918.5902;0.40;1082.9;1133.9;3
1775299623298;17071.7266;11918.5916;0.62;1083.0;1134.0;3
1775299625329;17071.7268;11918.5917;0.49;1083.4;1134.4;3
1775299627241;17071.7279;11918.5904;0.25;1083.8;1134.8;3
1775299628635;17071.7282;11918.5897;0.21;1084.0;1135.0;3
1775299630207;17071.7286;11918.5885;0.04;1084.1;1135.1;3
1775299632647;17071.7287;11918.5881;0.10;1084.2;1135.2;3
1775299636283;17071.7297;11918.5875;0.11;1084.4;1135.4;3
1775299637990;17071.7299;11918.5875;0.12;1084.4;1135.4;3
1775299640423;17071.7298;11918.5887;0.21;1084.5;1135.5;3
1775299642159;17071.7296;11918.5893;0.23;1084.6;1135.6;3
1775299643545;17071.7290;11918.5904;0.25;1084.7;1135.7;3
1775299645052;17071.7291;11918.5915;0.45;1085.0;1136.0;3
1775299646607;17071.7300;11918.5938;0.55;1085.1;1136.1;3
1775299648208;17071.7310;11918.5954;0.51;1085.2;1136.2;3
1775299649638;17071.7316;11918.5964;0.51;1085.5;1136.5;3
1775299651213;17071.7320;11918.5977;0.62;1085.8;1136.8;3
1775299653449;17071.7322;11918.5998;0.60;1086.2;1137.2;3
1775299655394;17071.7322;11918.6003;0.44;1086.6;1137.6;3
1775299657227;17071.7321;11918.6011;0.32;1086.8;1137.8;3
1775299659145;17071.7319;11918.6021;0.43;1087.0;1138.0;3
1775299660832;17071.7315;11918.6028;0.44;1087.3;1138.3;3
1775299662413;17071.7321;11918.6040;0.67;1087.6;1138.6;3
1775299664132;17071.7318;11918.6047;0.53;1087.9;1138.9;3
1775299665747;17071.7310;11918.6056;0.62;1088.1;1139.1;3
1775299667643;17071.7300;11918.6057;0.46;1088.1;1139.1;3
1775299669166;17071.7290;11918.6068;0.66;1088.3;1139.3;3
1775299671129;17071.7284;11918.6077;0.66;1089.2;1140.2;3
1775299673055;17071.7279;11918.6082;0.50;1089.5;1140.5;3
1775299674689;17071.7272;11918.6091;0.62;1089.7;1140.7;3
1775299677767;17071.7279;11918.6099;0.33;1090.1;1141.1;3
1775299679466;17071.7273;11918.6097;0.24;1090.3;1141.3;3
1775299681204;17071.7268;11918.6102;0.31;1090.4;1141.4;3
1775299682993;17071.7261;11918.6111;0.43;1090.4;1141.4;3
1775299684967;17071.7261;11918.6117;0.41;1090.8;1141.8;3
1775299686883;17071.7259;11918.6129;0.50;1091.0;1142.0;3
1775299688646;17071.7264;11918.6141;0.59;1091.5;1142.5;3
1775299690153;17071.7268;11918.6155;0.68;1091.7;1142.7;3
1775299692725;17071.7278;11918.6152;0.31;1092.3;1143.3;3
1775299694626;17071.7268;11918.6157;0.28;1092.4;1143.4;3
1775299696015;17071.7262;11918.6163;0.46;1092.6;1143.6;3
1775299697649;17071.7254;11918.6178;0.56;1092.5;1143.5;3
1775299699123;17071.7253;11918.6192;0.56;1092.5;1143.5;3
1775299700611;17071.7255;11918.6202;0.57;1092.7;1143.7;3
1775299702193;17071.7255;11918.6211;0.50;1093.0;1144.0;3
1775299704282;17071.7249;11918.6223;0.60;1093.2;1144.2;3
1775299705998;17071.7246;11918.6232;0.58;1094.0;1145.0;3
1775299707703;17071.7241;11918.6243;0.67;1094.4;1145.4;3
1775299709256;17071.7243;11918.6251;0.57;1094.5;1145.5;3
1775299711075;17071.7243;11918.6266;0.67;1094.8;1145.8;3
1775299713381;17071.7252;11918.6277;0.60;1095.1;1146.1;3
1775299715256;17071.7269;11918.6281;0.46;1095.2;1146.2;3
1775299717024;17071.7271;11918.6288;0.37;1095.7;1146.7;3
1775299718904;17071.7270;11918.6294;0.36;1095.8;1146.8;3
1775299720830;17071.7269;11918.6305;0.37;1096.4;1147.4;3
1775299722873;17071.7275;11918.6317;0.47;1096.9;1147.9;3
1775299724627;17071.7293;11918.6315;0.50;1097.1;1148.1;3
1775299726099;17071.7300;11918.6312;0.47;1097.2;1148.2;3
1775299728001;17071.7307;11918.6306;0.32;1097.6;1148.6;3
1775299729884;17071.7314;11918.6308;0.26;1098.0;1149.0;3
1775299731689;17071.7317;11918.6313;0.28;1098.3;1149.3;3
1775299733500;17071.7315;11918.6321;0.41;1098.3;1149.3;3
1775299735111;17071.7311;11918.6329;0.42;1098.3;1149.3;3
1775299737086;17071.7309;11918.6342;0.58;1098.6;1149.6;3
1775299738969;17071.7312;11918.6349;0.55;1098.7;1149.7;3
1775299740564;17071.7321;11918.6359;0.62;1098.8;1149.8;3
1775299742625;17071.7334;11918.6355;0.56;1099.6;1150.6;3
1775299744212;17071.7335;11918.6349;0.35;1099.4;1150.4;3
1775299746202;17071.7338;11918.6351;0.26;1099.8;1150.8;3
1775299748149;17071.7334;11918.6357;0.18;1100.0;1151.0;3
1775299769217;17071.7377;11918.6296;0.44;1104.4;1155.4;10
1775299772207;17071.7439;11918.6296;0.29;1104.6;1155.6;7
1775299775203;17071.7447;11918.6297;0.07;1104.8;1155.8;4
1775299776633;17071.7446;11918.6298;0.38;1105.0;1156.0;3
1775299778178;17071.7450;11918.6312;0.55;1105.1;1156.1;3
1775299780000;17071.7455;11918.6328;0.61;1105.3;1156.3;3
1775299781440;17071.7468;11918.6345;0.44;1105.5;1156.5;3
1775299783203;17071.7469;11918.6359;0.55;1105.8;1156.8;3
1775299784849;17071.7463;11918.6370;0.48;1105.9;1156.9;3
1775299786846;17071.7456;11918.6381;0.54;1106.2;1157.2;3
1775299788820;17071.7453;11918.6391;0.51;1106.7;1157.7;3
1775299790203;17071.7457;11918.6398;0.44;1106.9;1157.9;3
1775299792344;17071.7464;11918.6412;0.59;1107.0;1158.0;3
1775299794108;17071.7471;11918.6409;0.54;1107.2;1158.2;3
1775299795516;17071.7480;11918.6414;0.57;1107.5;1158.5;3
1775299797628;17071.7492;11918.6412;0.44;1108.0;1159.0;3
1775299799183;17071.7497;11918.6415;0.25;1108.6;1159.6;3
1775299802067;17071.7505;11918.6424;0.40;1109.2;1160.2;3
1775299803785;17071.7517;11918.6423;0.50;1109.0;1160.0;3
1775299805136;17071.7522;11918.6421;0.35;1109.2;1160.2;3
1775299807261;17071.7532;11918.6419;0.48;1109.7;1160.7;3
1775299809413;17071.7555;11918.6419;0.73;1110.1;1161.1;3
1775299811186;17071.7568;11918.6418;0.36;1110.3;1161.3;3
1775299812873;17071.7571;11918.6424;0.43;1110.7;1161.7;3
1775299814767;17071.7573;11918.6428;0.22;1110.9;1161.9;3
1775299816772;17071.7576;11918.6428;0.21;1111.3;1162.3;3
1775299818833;17071.7580;11918.6426;0.28;1111.9;1162.9;3
1775299820498;17071.7596;11918.6435;0.38;1112.2;1163.2;3
1775299822087;17071.7607;11918.6445;0.64;1112.3;1163.3;3
1775299823810;17071.7616;11918.6457;0.64;1112.5;1163.5;3
1775299825828;17071.7621;11918.6474;0.75;1112.8;1163.8;3
1775299827434;17071.7620;11918.6473;0.54;1112.9;1163.9;3
1775299829198;17071.7623;11918.6478;0.39;1113.7;1164.7;3
1775299831752;17071.7627;11918.6492;0.65;1114.1;1165.1;3
1775299833732;17071.7635;11918.6510;0.58;1114.6;1165.6;3
1775299835162;17071.7641;11918.6518;0.24;1114.4;1165.4;3
1775299838204;17071.7640;11918.6526;0.07;1114.8;1165.8;3
1775299840515;17071.7640;11918.6527;0.08;1115.0;1166.0;3
1775299842607;17071.7645;11918.6532;0.16;1115.4;1166.4;3
1775299844212;17071.7641;11918.6537;0.24;1115.6;1166.6;3
1775299845638;17071.7638;11918.6543;0.29;1115.7;1166.7;3
1775299847217;17071.7632;11918.6554;0.37;1115.8;1166.8;3
1775299849202;17071.7633;11918.6569;0.61;1115.9;1166.9;3
1775299850763;17071.7635;11918.6578;0.61;1115.5;1166.5;3
1775299852424;17071.7642;11918.6590;0.64;1115.6;1166.6;3
1775299854178;17071.7653;11918.6595;0.61;1116.0;1167.0;3
1775299856048;17071.7664;11918.6607;0.69;1116.5;1167.5;3
1775299857397;17071.7658;11918.6598;0.30;1116.5;1167.5;3
1775299859214;17071.7658;11918.6599;0.23;1116.5;1167.5;3
1775299860729;17071.7657;11918.6601;0.23;1116.8;1167.8;3
1775299862221;17071.7659;11918.6605;0.26;1117.0;1168.0;3
1775299863859;17071.7658;11918.6612;0.34;1117.4;1168.4;3
1775299865610;17071.7659;11918.6626;0.29;1117.6;1168.6;3
1775299866996;17071.7659;11918.6632;0.26;1118.1;1169.1;3
1775299869360;17071.7664;11918.6644;0.24;1118.3;1169.3;3
1775299871210;17071.7676;11918.6654;0.25;1118.7;1169.7;3
1775299873486;17071.7682;11918.6663;0.27;1119.0;1170.0;3
1775299875337;17071.7688;11918.6672;0.36;1119.2;1170.2;3
1775299877200;17071.7697;11918.6678;0.55;1119.2;1170.2;3
1775299878870;17071.7710;11918.6683;0.63;1119.4;1170.4;3
1775299880195;17071.7712;11918.6683;0.43;1119.7;1170.7;3
1775299881903;17071.7718;11918.6681;0.36;1120.0;1171.0;3
1775299883435;17071.7712;11918.6691;0.29;1120.2;1171.2;3
1775299885170;17071.7710;11918.6697;0.25;1120.4;1171.4;3
1775299886988;17071.7709;11918.6709;0.18;1120.6;1171.6;3
1775299888908;17071.7709;11918.6718;0.36;1120.9;1171.9;3
1775299890307;17071.7713;11918.6721;0.23;1121.0;1172.0;3
1775299891710;17071.7717;11918.6721;0.24;1121.2;1172.2;3
1775299893906;17071.7724;11918.6725;0.22;1121.5;1172.5;3
1775299895642;17071.7726;11918.6729;0.19;1121.3;1172.3;3
1775299898195;17071.7728;11918.6733;0.12;1121.9;1172.9;3
1775299900031;17071.7731;11918.6738;0.28;1122.2;1173.2;3
1775299901554;17071.7732;11918.6739;0.32;1122.4;1173.4;3
1775299903766;17071.7730;11918.6742;0.19;1122.7;1173.7;3
1775299905991;17071.7733;11918.6746;0.17;1123.1;1174.1;3
1775299907944;17071.7737;11918.6750;0.24;1123.3;1174.3;3
1775299909595;17071.7740;11918.6752;0.20;1123.5;1174.5;3
1775299911095;17071.7746;11918.6754;0.15;1123.8;1174.8;3
1775299912891;17071.7749;11918.6754;0.16;1124.4;1175.4;3
1775299914522;17071.7763;11918.6754;0.26;1124.7;1175.7;3
1775299916180;17071.7773;11918.6757;0.38;1124.8;1175.8;3
1775299917609;17071.7782;11918.6760;0.43;1124.9;1175.9;3
1775299919213;17071.7790;11918.6754;0.30;1124.0;1175.0;3
1775299921027;17071.7798;11918.6747;0.43;1124.1;1175.1;3
1775299922888;17071.7810;11918.6745;0.47;1124.0;1175.0;3
1775299924705;17071.7823;11918.6745;0.52;1124.1;1175.1;3
1775299926937;17071.7824;11918.6754;0.47;1125.3;1176.3;3
1775299928541;17071.7825;11918.6757;0.31;1125.4;1176.4;3
1775299930765;17071.7830;11918.6767;0.44;1125.8;1176.8;3
1775299932691;17071.7830;11918.6773;0.43;1126.4;1177.4;3
1775299934184;17071.7834;11918.6782;0.47;1127.2;1178.2;3
1775299936165;17071.7842;11918.6795;0.64;1127.5;1178.5;3
1775299937969;17071.7854;11918.6796;0.60;1127.6;1178.6;3
1775299939395;17071.7865;11918.6794;0.63;1127.7;1178.7;3
1775299940959;17071.7873;11918.6799;0.54;1127.7;1178.7;3
1775299942431;17071.7881;11918.6807;0.64;1127.9;1178.9;3
1775299943839;17071.7882;11918.6815;0.49;1127.7;1178.7;3
1775299945722;17071.7891;11918.6823;0.51;1128.3;1179.3;3
1775299947260;17071.7899;11918.6834;0.59;1129.2;1180.2;3
1775299949207;17071.7905;11918.6845;0.47;1129.8;1180.8;3
1775299950819;17071.7912;11918.6852;0.59;1129.9;1180.9;3
1775299952228;17071.7920;11918.6855;0.51;1130.0;1181.0;3
1775299953585;17071.7920;11918.6850;0.26;1130.4;1181.4;3
1775299955168;17071.7922;11918.6849;0.27;1129.7;1180.7;3
1775299956722;17071.7925;11918.6850;0.26;1130.0;1181.0;3
1775299958173;17071.7930;11918.6848;0.28;1130.0;1181.0;3
1775299960666;17071.7939;11918.6842;0.26;1130.4;1181.4;3
1775299964158;17071.7955;11918.6842;0.37;1131.4;1182.4;3
1775299965629;17071.7953;11918.6848;0.32;1131.4;1182.4;3
1775299967180;17071.7947;11918.6854;0.24;1130.2;1181.2;3
1775299968665;17071.7945;11918.6861;0.29;1130.2;1181.2;3
1775299970183;17071.7944;11918.6881;0.56;1130.2;1181.2;3
1775299972046;17071.7944;11918.6900;0.64;1130.3;1181.3;3
1775299973667;17071.7946;11918.6913;0.48;1131.3;1182.3;3
1775299975682;17071.7949;11918.6927;0.59;1131.6;1182.6;3
1775299977260;17071.7944;11918.6929;0.45;1131.6;1182.6;3
1775299979012;17071.7949;11918.6936;0.41;1131.8;1182.8;3
1775299980578;17071.7959;11918.6943;0.43;1131.9;1182.9;3
1775299982217;17071.7966;11918.6949;0.35;1132.1;1183.1;3
1775299983881;17071.7974;11918.6957;0.54;1132.1;1183.1;3
1775299985789;17071.7984;11918.6960;0.56;1132.3;1183.3;3
1775299987376;17071.7993;11918.6966;0.58;1132.4;1183.4;3
1775299989016;17071.7996;11918.6959;0.47;1132.3;1183.3;3
1775299990947;17071.8004;11918.6949;0.49;1132.6;1183.6;3
1775299993198;17071.7998;11918.6935;0.28;1133.5;1184.5;3
1775299994788;17071.8008;11918.6934;0.33;1132.8;1183.8;3
1775299996781;17071.8019;11918.6937;0.43;1133.3;1184.3;3
1775299998473;17071.8032;11918.6937;0.43;1133.2;1184.2;3
1775300000187;17071.8040;11918.6941;0.38;1134.5;1185.5;3
1775300001731;17071.8044;11918.6949;0.42;1134.7;1185.7;3
1775300003208;17071.8046;11918.6959;0.43;1135.0;1186.0;3
1775300005181;17071.8051;11918.6975;0.60;1135.3;1186.3;3
1775300006799;17071.8056;11918.6985;0.52;1135.8;1186.8;3
1775300008622;17071.8065;11918.6995;0.61;1136.0;1187.0;3
1775300010420;17071.8064;11918.7005;0.49;1135.5;1186.5;3
1775300012197;17071.8067;11918.7021;0.64;1135.8;1186.8;3
1775300013882;17071.8067;11918.7037;0.66;1136.1;1187.1;3
1775300015714;17071.8068;11918.7050;0.60;1136.9;1187.9;3
1775300017376;17071.8066;11918.7062;0.63;1137.1;1188.1;3
1775300019395;17071.8059;11918.7075;0.64;1136.5;1187.5;3
1775300021076;17071.8057;11918.7088;0.65;1136.3;1187.3;3
1775300023010;17071.8063;11918.7092;0.52;1137.4;1188.4;3
1775300024723;17071.8065;11918.7094;0.30;1137.5;1188.5;3
1775300026794;17071.8068;11918.7106;0.50;1136.7;1187.7;3
1775300028716;17071.8070;11918.7119;0.47;1137.0;1188.0;3
1775300030189;17071.8069;11918.7126;0.40;1137.4;1188.4;3
1775300032463;17071.8072;11918.7137;0.50;1138.8;1189.8;3
1775300033966;17071.8077;11918.7142;0.50;1138.9;1189.9;3
1775300035671;17071.8081;11918.7154;0.58;1139.1;1190.1;3
1775300037540;17071.8091;11918.7161;0.61;1139.1;1190.1;3
1775300039223;17071.8093;11918.7169;0.52;1138.8;1189.8;3
1775300041170;17071.8086;11918.7179;0.60;1139.1;1190.1;3
1775300048098;17071.8098;11918.7205;0.27;1139.4;1190.4;11
1775300051204;17071.8019;11918.7212;0.18;1141.2;1192.2;9
1775300053447;17071.8007;11918.7215;0.60;1141.2;1192.2;10
1775300055553;17071.8046;11918.7277;0.52;1142.3;1193.3;7
1775300057187;17071.8065;11918.7289;0.43;1141.0;1192.0;7
1775300059333;17071.8076;11918.7298;0.36;1141.4;1192.4;4
1775300061433;17071.8083;11918.7310;0.32;1142.7;1193.7;3
1775300063213;17071.8093;11918.7319;0.30;1143.1;1194.1;3
1775300064605;17071.8098;11918.7327;0.43;1143.4;1194.4;3
1775300066158;17071.8104;11918.7342;0.56;1143.2;1194.2;3
1775300069187;17071.8115;11918.7346;0.12;1144.1;1195.1;3
1775300072201;17071.8123;11918.7347;0.08;1144.6;1195.6;3
1775300075206;17071.8126;11918.7351;0.06;1144.6;1195.6;3
1775300078215;17071.8128;11918.7353;0.05;1144.3;1195.3;3
1775300081233;17071.8128;11918.7355;0.05;1144.3;1195.3;3
1775300084107;17071.8128;11918.7357;0.06;1143.9;1194.9;3
1775300087204;17071.8125;11918.7361;0.13;1144.4;1195.4;3
1775300090208;17071.8124;11918.7365;0.06;1145.0;1196.0;3
1775300093169;17071.8123;11918.7365;0.05;1145.0;1196.0;3
1775300096200;17071.8122;11918.7366;0.05;1145.3;1196.3;3
1775300099124;17071.8120;11918.7366;0.04;1144.2;1195.2;3
1775300102210;17071.8119;11918.7365;0.31;1144.2;1195.2;3
1775300103834;17071.8119;11918.7368;0.31;1143.9;1194.9;3
1775300105745;17071.8117;11918.7368;0.22;1144.0;1195.0;3
1775300107170;17071.8114;11918.7371;0.31;1144.1;1195.1;3
1775300108754;17071.8105;11918.7383;0.48;1144.1;1195.1;3
1775300110103;17071.8099;11918.7391;0.50;1144.1;1195.1;3
1775300111612;17071.8089;11918.7402;0.62;1144.3;1195.3;3
1775300113090;17071.8080;11918.7415;0.70;1144.4;1195.4;3
1775300114823;17071.8070;11918.7425;0.68;1143.8;1194.8;3
1775300116265;17071.8063;11918.7432;0.57;1143.8;1194.8;3
1775300118162;17071.8062;11918.7432;0.19;1143.8;1194.8;3
1775300119845;17071.8063;11918.7432;0.19;1143.7;1194.7;3
1775300121481;17071.8059;11918.7443;0.29;1144.8;1195.8;3
1775300122893;17071.8060;11918.7450;0.36;1144.7;1195.7;3
1775300124343;17071.8072;11918.7460;0.38;1144.0;1195.0;3
1775300125821;17071.8074;11918.7475;0.59;1144.0;1195.0;3
1775300127392;17071.8081;11918.7487;0.66;1144.1;1195.1;3
1775300128934;17071.8080;11918.7503;0.77;1143.8;1194.8;3
1775300131162;17071.8076;11918.7521;0.70;1144.1;1195.1;3
1775300132763;17071.8072;11918.7535;0.64;1145.6;1196.6;3
1775300134230;17071.8071;11918.7548;0.68;1145.6;1196.6;3
1775300135838;17071.8066;11918.7556;0.64;1145.4;1196.4;3
1775300137498;17071.8062;11918.7566;0.59;1145.3;1196.3;3
1775300139174;17071.8055;11918.7573;0.39;1145.8;1196.8;3
1775300140632;17071.8050;11918.7578;0.44;1145.8;1196.8;3
1775300142394;17071.8042;11918.7590;0.50;1146.0;1197.0;3
1775300143855;17071.8036;11918.7604;0.72;1146.1;1197.1;3
1775300145257;17071.8042;11918.7607;0.70;1145.8;1196.8;3
1775300147009;17071.8037;11918.7624;0.78;1146.3;1197.3;3
1775300148414;17071.8043;11918.7635;0.73;1145.9;1196.9;3
1775300150150;17071.8049;11918.7653;0.67;1146.6;1197.6;3
1775300151784;17071.8056;11918.7669;0.75;1146.8;1197.8;3
1775300153163;17071.8063;11918.7676;0.53;1147.1;1198.1;3
1775300154533;17071.8065;11918.7684;0.64;1148.1;1199.1;3
1775300156185;17071.8062;11918.7698;0.65;1148.5;1199.5;3
1775300158012;17071.8075;11918.7700;0.48;1148.2;1199.2;3
1775300159790;17071.8085;11918.7708;0.45;1148.1;1199.1;3
1775300161563;17071.8090;11918.7723;0.65;1148.3;1199.3;3
1775300164078;17071.8098;11918.7730;0.55;1149.1;1200.1;3
1775300165738;17071.8098;11918.7729;0.34;1148.6;1199.6;3
1775300167579;17071.8088;11918.7728;0.25;1148.7;1199.7;3
1775300169433;17071.8078;11918.7738;0.42;1150.1;1201.1;4
1775300171022;17071.8072;11918.7745;0.51;1150.6;1201.6;4
1775300172725;17071.8061;11918.7775;0.55;1150.4;1201.4;4
1775300174166;17071.8059;11918.7783;0.50;1150.7;1201.7;4
1775300175675;17071.8058;11918.7793;0.64;1150.9;1201.9;4
1775300177129;17071.8061;11918.7801;0.48;1151.6;1202.6;4
1775300179404;17071.8059;11918.7817;0.66;1151.0;1202.0;3
1775300181530;17071.8063;11918.7820;0.35;1151.2;1202.2;3
1775300183178;17071.8068;11918.7827;0.21;1151.4;1202.4;3
1775300184902;17071.8072;11918.7831;0.21;1151.2;1202.2;3
1775300186473;17071.8068;11918.7837;0.17;1151.4;1202.4;3
1775300188827;17071.8065;11918.7843;0.26;1151.7;1202.7;3
1775300190371;17071.8058;11918.7859;0.36;1152.1;1203.1;3
1775300192219;17071.8055;11918.7876;0.49;1152.5;1203.5;3
1775300193942;17071.8052;11918.7893;0.61;1152.3;1203.3;3
1775300195691;17071.8045;11918.7905;0.55;1152.8;1203.8;3
1775300197131;17071.8040;11918.7913;0.59;1153.0;1204.0;3
1775300198752;17071.8027;11918.7928;0.76;1152.7;1203.7;3
1775300201020;17071.8013;11918.7948;0.80;1153.3;1204.3;3
1775300202912;17071.8013;11918.7955;0.67;1153.4;1204.4;3
1775300204402;17071.8010;11918.7962;0.68;1153.3;1204.3;3
1775300205982;17071.8004;11918.7972;0.69;1153.5;1204.5;3
1775300207694;17071.8002;11918.7981;0.59;1153.7;1204.7;3
1775300209346;17071.7993;11918.7993;0.78;1153.9;1204.9;3
1775300210811;17071.7988;11918.8000;0.66;1154.1;1205.1;3
1775300212412;17071.7982;11918.8013;0.75;1154.3;1205.3;3
1775300213798;17071.7980;11918.8022;0.72;1155.0;1206.0;3
1775300215534;17071.7979;11918.8036;0.70;1155.1;1206.1;3
1775300216952;17071.7994;11918.8044;0.62;1155.1;1206.1;3
1775300219131;17071.8000;11918.8066;0.79;1156.0;1207.0;3
1775300220491;17071.8005;11918.8067;0.54;1155.7;1206.7;3
1775300222173;17071.8006;11918.8064;0.23;1156.4;1207.4;3
1775300223631;17071.8006;11918.8063;0.26;1156.7;1207.7;3
1775300225178;17071.8011;11918.8071;0.36;1157.6;1208.6;3
1775300226555;17071.8015;11918.8082;0.51;1157.9;1208.9;3
1775300228076;17071.8013;11918.8097;0.67;1158.3;1209.3;3
1775300229710;17071.8013;11918.8101;0.53;1158.6;1209.6;3
1775300231134;17071.8004;11918.8108;0.43;1158.7;1209.7;3
1775300233080;17071.7994;11918.8104;0.38;1159.2;1210.2;3
1775300235109;17071.7990;11918.8115;0.23;1159.4;1210.4;3
1775300236579;17071.7987;11918.8120;0.25;1159.5;1210.5;3
1775300238379;17071.7987;11918.8136;0.33;1159.3;1210.3;3
1775300240069;17071.7984;11918.8145;0.43;1159.4;1210.4;3
1775300241588;17071.7982;11918.8164;0.60;1160.1;1211.1;3
1775300243210;17071.7986;11918.8181;0.62;1160.3;1211.3;3
1775300244957;17071.7988;11918.8200;0.77;1160.6;1211.6;3
1775300247042;17071.7991;11918.8220;0.77;1161.0;1212.0;3
1775300248609;17071.7990;11918.8237;0.84;1161.3;1212.3;3
1775300250060;17071.7992;11918.8245;0.68;1161.3;1212.3;3
1775300251506;17071.7992;11918.8257;0.78;1161.4;1212.4;3
1775300252901;17071.7998;11918.8262;0.64;1161.4;1212.4;3
1775300254298;17071.7999;11918.8274;0.64;1161.6;1212.6;3
1775300255723;17071.7998;11918.8282;0.57;1161.5;1212.5;3
1775300257341;17071.7994;11918.8296;0.70;1161.8;1212.8;3
1775300258908;17071.7988;11918.8306;0.55;1162.6;1213.6;3
1775300260411;17071.7986;11918.8320;0.72;1162.7;1213.7;3
1775300262129;17071.7982;11918.8336;0.73;1163.1;1214.1;3
1775300263891;17071.7978;11918.8353;0.71;1163.3;1214.3;3
1775300265357;17071.7975;11918.8364;0.64;1163.6;1214.6;3
1775300266961;17071.7974;11918.8376;0.61;1163.9;1214.9;3
1775300268905;17071.7967;11918.8381;0.46;1164.1;1215.1;3
1775300270539;17071.7969;11918.8384;0.49;1164.2;1215.2;3
1775300272295;17071.7974;11918.8395;0.61;1164.3;1215.3;3
1775300273849;17071.7994;11918.8394;0.46;1164.4;1215.4;3
1775300276152;17071.8008;11918.8389;0.44;1165.3;1216.3;3
1775300278104;17071.8022;11918.8375;0.53;1166.1;1217.1;3
1775300279703;17071.8024;11918.8367;0.28;1166.3;1217.3;3
1775300281777;17071.8033;11918.8362;0.38;1166.7;1217.7;3
1775300284174;17071.8039;11918.8352;0.29;1167.7;1218.7;3
1775300290281;17071.8058;11918.8357;0.17;1167.8;1218.8;3
1775300293203;17071.8066;11918.8359;0.07;1168.3;1219.3;3
1775300296197;17071.8069;11918.8358;0.09;1168.3;1219.3;3
1775300299192;17071.8058;11918.8357;0.09;1168.0;1219.0;3
1775300300710;17071.8056;11918.8357;0.10;1168.0;1219.0;3
1775300302201;17071.8056;11918.8357;0.08;1168.0;1219.0;3
1775300305188;17071.8042;11918.8370;0.06;1167.8;1218.8;3
1775300308193;17071.8039;11918.8371;0.04;1168.4;1219.4;3
1775300311188;17071.8032;11918.8376;0.13;1168.5;1219.5;3
1775300313446;17071.8030;11918.8376;0.08;1168.4;1219.4;3
1775300314923;17071.8010;11918.8382;0.11;1168.4;1219.4;3
1775300317232;17071.7996;11918.8383;0.13;1167.7;1218.7;3
1775300380902;17071.7925;11918.8752;0.41;1170.8;1221.8;3
1775300381054;17071.7925;11918.8752;0.41;1170.8;1221.8;3
1775300382073;17071.7926;11918.8753;0.35;1170.9;1221.9;3
1775300384315;17071.7932;11918.8752;0.36;1170.8;1221.8;4
1775300385695;17071.7932;11918.8757;0.38;1170.9;1221.9;5
1775300387167;17071.7931;11918.8756;0.29;1171.0;1222.0;5
1775300388894;17071.7924;11918.8766;0.28;1171.3;1222.3;6
1775300390892;17071.7923;11918.8771;0.32;1171.6;1222.6;6
1775300392550;17071.7926;11918.8792;0.40;1171.7;1222.7;5
1775300394054;17071.7930;11918.8793;0.37;1171.8;1222.8;5
1775300396134;17071.7948;11918.8792;0.29;1172.0;1223.0;5
1775300397856;17071.7969;11918.8794;0.28;1172.3;1223.3;4
1775300399933;17071.7977;11918.8795;0.30;1172.7;1223.7;4
1775300402653;17071.7983;11918.8798;0.24;1173.2;1224.2;4
1775300404197;17071.7987;11918.8802;0.18;1173.4;1224.4;4
1775300405690;17071.7989;11918.8801;0.18;1173.6;1224.6;4
1775300408139;17071.7993;11918.8802;0.25;1173.9;1224.9;3
1775300472140;17071.7802;11918.8855;1.43;1183.4;1234.4;14
1775300475199;17071.7854;11918.8921;0.07;1183.6;1234.6;10
1775300478080;17071.7932;11918.8951;0.07;1183.9;1234.9;7
1775300481170;17071.7977;11918.8967;0.00;1183.9;1234.9;6
1775300484197;17071.7982;11918.8968;0.01;1183.8;1234.8;5
1775300485681;17071.8007;11918.8968;0.01;1183.8;1234.8;5
1775300487194;17071.8036;11918.8957;0.10;1184.0;1235.0;4
1775300489203;17071.8050;11918.8954;0.17;1184.0;1235.0;3
1775300490897;17071.8052;11918.8956;0.45;1184.0;1235.0;3
1775300492593;17071.8049;11918.8964;0.59;1184.1;1235.1;3
1775300494298;17071.8037;11918.8974;0.57;1183.9;1234.9;3
1775300495718;17071.8033;11918.8984;0.61;1184.0;1235.0;3
1775300497399;17071.8038;11918.8985;0.54;1183.7;1234.7;3
1775300498854;17071.8035;11918.8994;0.57;1183.7;1234.7;3
1775300500613;17071.8041;11918.8994;0.51;1183.8;1234.8;3
1775300502210;17071.8042;11918.8993;0.19;1183.6;1234.6;3
1775300504704;17071.8045;11918.8983;0.09;1183.9;1234.9;3
1775300506971;17071.8048;11918.8982;0.06;1184.0;1235.0;3
1775300508418;17071.8050;11918.8985;0.09;1184.1;1235.1;3
1775300510048;17071.8052;11918.8990;0.15;1184.1;1235.1;3
1775300511842;17071.8056;11918.9000;0.20;1184.1;1235.1;3
1775300513404;17071.8058;11918.9006;0.27;1184.2;1235.2;3
1775300515472;17071.8056;11918.9018;0.33;1184.8;1235.8;3
1775300517215;17071.8053;11918.9028;0.47;1185.1;1236.1;3
1775300519151;17071.8050;11918.9050;0.60;1185.2;1236.2;3
1775300521111;17071.8053;11918.9057;0.49;1185.4;1236.4;3
1775300522669;17071.8055;11918.9069;0.60;1185.4;1236.4;3
1775300524589;17071.8053;11918.9082;0.68;1185.1;1236.1;3
1775300526193;17071.8047;11918.9089;0.56;1186.0;1237.0;3
1775300527746;17071.8050;11918.9097;0.58;1186.2;1237.2;3
1775300529193;17071.8056;11918.9095;0.46;1185.7;1236.7;3
1775300530751;17071.8060;11918.9090;0.43;1185.9;1236.9;3
1775300532222;17071.8068;11918.9083;0.31;1186.0;1237.0;3
1775300534281;17071.8073;11918.9078;0.21;1186.6;1237.6;3
1775300696110;17071.7919;11918.9152;0.12;1204.8;1255.8;17
1775300699063;17071.7941;11918.9129;0.12;1204.8;1255.8;11
1775300702101;17071.7944;11918.9132;0.09;1204.8;1255.8;7
1775300705179;17071.7957;11918.9156;0.35;1204.7;1255.7;7
1775300706595;17071.7957;11918.9159;0.27;1204.7;1255.7;6
1775300708137;17071.7959;11918.9207;0.23;1204.7;1255.7;5
1775300834108;17071.8237;11918.9592;0.15;1218.3;1269.3;16
1775300837157;17071.8056;11918.9494;0.16;1218.7;1269.7;11
1775300840183;17071.8042;11918.9515;0.16;1218.7;1269.7;6
1775300842037;17071.8038;11918.9521;0.14;1218.6;1269.6;7
1775300843973;17071.8033;11918.9537;0.29;1218.6;1269.6;6
1775300845742;17071.8033;11918.9536;0.16;1218.5;1269.5;6
1775300847954;17071.8037;11918.9528;0.22;1218.0;1269.0;4
1775300851349;17071.8034;11918.9530;0.13;1218.6;1269.6;3
1775300852955;17071.8033;11918.9529;0.18;1218.5;1269.5;3
1775300941125;17071.7922;11918.9700;0.16;1224.5;1275.5;9
1775300944160;17071.7965;11918.9849;1.15;1225.2;1276.2;7
1775300947131;17071.7979;11918.9870;1.14;1224.8;1275.8;7
1775300949024;17071.7979;11918.9867;0.50;1225.4;1276.4;5
1775300951376;17071.7979;11918.9877;0.41;1225.9;1276.9;4
1775300953143;17071.7982;11918.9874;0.25;1225.6;1276.6;3
1775300954520;17071.7984;11918.9870;0.20;1225.7;1276.7;3
1775300956085;17071.7979;11918.9874;0.20;1226.2;1277.2;3
1775300957845;17071.7976;11918.9875;0.18;1226.4;1277.4;3
1775300960279;17071.7973;11918.9874;0.15;1226.5;1277.5;3
1775300962146;17071.7978;11918.9876;0.11;1227.0;1278.0;3
1775300965008;17071.7981;11918.9878;0.12;1227.2;1278.2;3
1775300966720;17071.7990;11918.9881;0.13;1228.0;1279.0;3
1775300968165;17071.7994;11918.9884;0.30;1227.8;1278.8;3
1775300969532;17071.7997;11918.9888;0.24;1228.1;1279.1;3
1775300971166;17071.7999;11918.9887;0.15;1228.3;1279.3;3
1775300972820;17071.8000;11918.9888;0.16;1228.7;1279.7;3
1775300975212;17071.8009;11918.9884;0.23;1228.9;1279.9;3
1775300977172;17071.8013;11918.9882;0.18;1229.3;1280.3;3
1775300979702;17071.8015;11918.9882;0.15;1229.3;1280.3;3
1775300981597;17071.8013;11918.9879;0.12;1229.3;1280.3;3
1775300983155;17071.8012;11918.9881;0.11;1229.4;1280.4;3
1775300984782;17071.8012;11918.9882;0.15;1229.5;1280.5;3
1775300986119;17071.8006;11918.9885;0.13;1229.6;1280.6;3
1775301065115;17071.8010;11918.9963;0.42;1237.1;1288.1;13
1775301068160;17071.8007;11919.0013;0.42;1237.2;1288.2;11
1775301071197;17071.8023;11919.0032;0.41;1237.3;1288.3;9
1775301074188;17071.8027;11919.0038;0.00;1237.1;1288.1;7
1775301077178;17071.8027;11919.0037;0.02;1237.6;1288.6;4
1775301078607;17071.8028;11919.0036;0.02;1237.7;1288.7;4
1775301150106;17071.7943;11918.9997;0.22;1246.3;1297.3;11
1775301153131;17071.8108;11919.0101;0.15;1246.6;1297.6;9
1775301156176;17071.8118;11919.0108;0.12;1246.3;1297.3;10
1775301159157;17071.8131;11919.0114;0.01;1246.7;1297.7;9
1775301333214;17071.8459;11919.0165;0.09;1263.8;1314.8;8
1775301336038;17071.8430;11919.0136;0.10;1263.6;1314.6;6
1775301339095;17071.8430;11919.0134;0.00;1264.0;1315.0;5
1775301342059;17071.8435;11919.0137;0.01;1263.8;1314.8;5
1775301343687;17071.8436;11919.0137;0.02;1264.0;1315.0;4
1775301345514;17071.8461;11919.0128;0.06;1263.7;1314.7;3
1775301348044;17071.8472;11919.0125;0.08;1263.7;1314.7;3
1775301349681;17071.8473;11919.0125;0.09;1263.8;1314.8;3
1775301530389;17071.9161;11918.9952;0.15;1280.4;1331.4;8
1775301533035;17071.9158;11918.9821;0.05;1280.3;1331.3;7
1775301536119;17071.9161;11918.9805;0.06;1280.4;1331.4;6
1775301539120;17071.9175;11918.9816;0.16;1280.2;1331.2;6
1775301540713;17071.9178;11918.9818;0.18;1280.2;1331.2;6
1775301542135;17071.9210;11918.9839;0.21;1280.3;1331.3;5
1775301543805;17071.9219;11918.9844;0.21;1280.3;1331.3;5
1775301545330;17071.9234;11918.9849;0.16;1280.3;1331.3;4
1775301547942;17071.9238;11918.9850;0.13;1280.3;1331.3;3
1775301549496;17071.9242;11918.9860;0.14;1280.5;1331.5;3
1775301550976;17071.9244;11918.9861;0.20;1280.0;1331.0;3
1775301552468;17071.9251;11918.9872;0.28;1280.0;1331.0;3
1775301553928;17071.9260;11918.9881;0.53;1280.2;1331.2;3
1775301555292;17071.9274;11918.9900;0.75;1280.2;1331.2;3
1775301557068;17071.9287;11918.9914;0.83;1280.2;1331.2;3
1775301558456;17071.9290;11918.9938;0.85;1279.8;1330.8;3
1775301560137;17071.9302;11918.9949;0.75;1279.8;1330.8;3
1775301562529;17071.9321;11918.9950;0.66;1279.7;1330.7;3
1775301564155;17071.9331;11918.9954;0.46;1280.0;1331.0;3
1775301565943;17071.9339;11918.9962;0.47;1279.9;1330.9;3
1775301567808;17071.9353;11918.9984;0.79;1279.3;1330.3;3
1775301569522;17071.9365;11919.0005;0.71;1279.3;1330.3;3
1775301571342;17071.9370;11919.0025;0.82;1279.2;1330.2;3
1775301572878;17071.9380;11919.0045;0.98;1279.5;1330.5;3
1775301574778;17071.9385;11919.0067;0.94;1279.4;1330.4;3
1775301576574;17071.9383;11919.0089;0.81;1278.9;1329.9;3
1775301578118;17071.9383;11919.0109;0.68;1278.7;1329.7;3
1775301579755;17071.9385;11919.0128;0.74;1278.5;1329.5;3
1775301581127;17071.9380;11919.0144;0.71;1278.5;1329.5;3
1775301583119;17071.9381;11919.0165;0.74;1278.4;1329.4;3
1775301584491;17071.9377;11919.0181;0.68;1277.9;1328.9;3
1775301586287;17071.9373;11919.0201;0.79;1277.7;1328.7;3
1775301587676;17071.9373;11919.0214;0.89;1277.4;1328.4;3
1775301589672;17071.9387;11919.0235;1.03;1276.7;1327.7;3
1775301591401;17071.9392;11919.0246;0.87;1277.2;1328.2;3
1775301592784;17071.9396;11919.0262;0.90;1277.2;1328.2;3
1775301594583;17071.9410;11919.0283;0.83;1276.8;1327.8;3
1775301596160;17071.9420;11919.0301;0.79;1276.8;1327.8;3
1775301597792;17071.9428;11919.0320;0.96;1276.8;1327.8;3
1775301599418;17071.9422;11919.0339;0.78;1277.0;1328.0;3
1775301601369;17071.9422;11919.0359;0.78;1277.0;1328.0;3
1775301602828;17071.9419;11919.0373;0.66;1276.9;1327.9;3
1775301605128;17071.9416;11919.0403;0.75;1276.7;1327.7;3
1775301606519;17071.9415;11919.0422;0.79;1276.5;1327.5;3
1775301607917;17071.9423;11919.0436;0.84;1276.4;1327.4;3
1775301609941;17071.9425;11919.0451;0.67;1276.1;1327.1;3
1775301611819;17071.9422;11919.0473;0.61;1276.5;1327.5;3
1775301613662;17071.9423;11919.0492;0.77;1275.8;1326.8;3
1775301615046;17071.9431;11919.0508;0.70;1275.9;1326.9;3
1775301616995;17071.9447;11919.0519;0.76;1276.0;1327.0;3
1775301618592;17071.9477;11919.0526;0.84;1275.7;1326.7;3
1775301620027;17071.9490;11919.0542;0.99;1275.7;1326.7;3
1775301621923;17071.9513;11919.0560;0.91;1276.0;1327.0;3
1775301623782;17071.9524;11919.0596;0.89;1275.9;1326.9;3
1775301625671;17071.9527;11919.0621;0.96;1276.1;1327.1;3
1775301627293;17071.9536;11919.0649;1.04;1276.0;1327.0;3
1775301629043;17071.9543;11919.0672;1.01;1276.1;1327.1;3
1775301630529;17071.9544;11919.0697;1.00;1276.5;1327.5;3
1775301632125;17071.9548;11919.0718;0.78;1276.2;1327.2;3
1775301633695;17071.9554;11919.0737;0.96;1276.2;1327.2;3
1775301635121;17071.9557;11919.0757;0.94;1276.0;1327.0;3
1775301637540;17071.9554;11919.0790;0.98;1275.9;1326.9;3
1775301639310;17071.9553;11919.0816;0.92;1275.8;1326.8;3
1775301641135;17071.9548;11919.0846;0.91;1276.3;1327.3;3
1775301642987;17071.9547;11919.0870;0.83;1276.0;1327.0;3
1775301644799;17071.9547;11919.0893;0.67;1275.7;1326.7;3
1775301646606;17071.9552;11919.0907;0.62;1275.8;1326.8;3
1775301648161;17071.9563;11919.0920;0.66;1276.0;1327.0;3
1775301649661;17071.9569;11919.0936;0.81;1276.0;1327.0;3
1775301651101;17071.9568;11919.0952;0.77;1276.0;1327.0;3
1775301652845;17071.9572;11919.0975;0.96;1276.0;1327.0;3
1775301654713;17071.9567;11919.0993;0.89;1275.6;1326.6;3
1775301656127;17071.9570;11919.1011;1.06;1275.5;1326.5;3
1775301657786;17071.9575;11919.1035;1.04;1275.8;1326.8;3
1775301659293;17071.9583;11919.1055;1.04;1275.7;1326.7;3
1775301661095;17071.9590;11919.1076;1.00;1275.6;1326.6;3
1775301662801;17071.9598;11919.1093;0.93;1275.4;1326.4;3
1775301664595;17071.9607;11919.1115;0.98;1274.9;1325.9;3
1775301666549;17071.9616;11919.1129;0.79;1275.3;1326.3;3
1775301668122;17071.9618;11919.1145;0.64;1275.1;1326.1;3
1775301669824;17071.9621;11919.1159;0.65;1275.2;1326.2;3
1775301672059;17071.9630;11919.1186;0.82;1275.2;1326.2;3
1775301673925;17071.9638;11919.1205;0.87;1274.8;1325.8;3
1775301675388;17071.9642;11919.1227;0.85;1275.3;1326.3;3
1775301677105;17071.9649;11919.1245;0.83;1275.2;1326.2;3
1775301678880;17071.9661;11919.1267;0.87;1275.0;1326.0;3
1775301680821;17071.9662;11919.1294;0.88;1274.8;1325.8;3
1775301682255;17071.9665;11919.1311;0.83;1274.6;1325.6;3
1775301684464;17071.9662;11919.1335;0.79;1274.1;1325.1;3
1775301686050;17071.9665;11919.1354;0.83;1274.1;1325.1;3
1775301687713;17071.9666;11919.1374;0.74;1274.1;1325.1;3
1775301689107;17071.9660;11919.1389;0.52;1274.4;1325.4;3
1775301690741;17071.9653;11919.1404;0.74;1274.1;1325.1;3
1775301692190;17071.9653;11919.1423;0.82;1274.4;1325.4;3
1775301693735;17071.9656;11919.1441;0.85;1274.5;1325.5;3
1775301695126;17071.9662;11919.1460;0.87;1274.0;1325.0;3
1775301696687;17071.9667;11919.1482;0.93;1274.1;1325.1;3
1775301698109;17071.9671;11919.1499;0.72;1274.6;1325.6;3
1775301699893;17071.9672;11919.1519;0.85;1274.4;1325.4;3
1775301701648;17071.9673;11919.1533;0.68;1274.4;1325.4;3
1775301703568;17071.9678;11919.1550;0.71;1274.4;1325.4;3
1775301705279;17071.9683;11919.1571;0.83;1274.4;1325.4;3
1775301707121;17071.9679;11919.1594;0.76;1274.7;1325.7;3
1775301708779;17071.9678;11919.1615;0.86;1274.8;1325.8;3
1775301710776;17071.9685;11919.1635;0.74;1274.7;1325.7;3
1775301712561;17071.9684;11919.1655;0.82;1274.8;1325.8;3
1775301714384;17071.9682;11919.1682;0.86;1274.7;1325.7;3
1775301716116;17071.9682;11919.1707;0.81;1275.2;1326.2;3
1775301717957;17071.9682;11919.1731;0.96;1275.3;1326.3;3
1775301719936;17071.9682;11919.1758;0.88;1275.2;1326.2;3
1775301721842;17071.9684;11919.1782;0.99;1275.4;1326.4;3
1775301723560;17071.9687;11919.1800;0.86;1275.7;1326.7;3
1775301725121;17071.9692;11919.1819;0.88;1276.1;1327.1;3
1775301726581;17071.9696;11919.1836;0.92;1276.3;1327.3;3
1775301728115;17071.9705;11919.1852;0.91;1276.3;1327.3;3
1775301729638;17071.9709;11919.1870;0.85;1276.5;1327.5;3
1775301731161;17071.9709;11919.1885;0.71;1277.0;1328.0;3
1775301733075;17071.9707;11919.1907;0.87;1276.9;1327.9;3
1775301734874;17071.9702;11919.1928;0.89;1277.2;1328.2;3
1775301736976;17071.9702;11919.1953;0.86;1277.4;1328.4;3
1775301738365;17071.9709;11919.1963;0.72;1277.4;1328.4;3
1775301740126;17071.9718;11919.1982;0.83;1277.5;1328.5;3
1775301741557;17071.9729;11919.1991;0.75;1278.2;1329.2;3
1775301743106;17071.9735;11919.2004;0.75;1278.4;1329.4;3
1775301745001;17071.9734;11919.2025;0.93;1278.5;1329.5;3
1775301746680;17071.9732;11919.2045;0.90;1278.6;1329.6;3
1775301748637;17071.9730;11919.2071;1.00;1279.0;1330.0;3
1775301750381;17071.9736;11919.2087;0.92;1279.5;1330.5;3
1775301751894;17071.9736;11919.2106;0.93;1279.7;1330.7;3
1775301753810;17071.9736;11919.2126;0.92;1279.9;1330.9;3
1775301755673;17071.9744;11919.2143;0.83;1280.4;1331.4;3
1775301757737;17071.9744;11919.2164;0.88;1280.6;1331.6;3
1775301759153;17071.9744;11919.2182;0.84;1280.7;1331.7;3
1775301761071;17071.9745;11919.2205;0.95;1280.9;1331.9;3
1775301762427;17071.9744;11919.2230;0.95;1280.9;1331.9;3
1775301764147;17071.9744;11919.2254;0.81;1281.1;1332.1;3
1775301765726;17071.9739;11919.2274;0.89;1281.3;1332.3;3
1775301767125;17071.9737;11919.2292;0.74;1281.5;1332.5;3
1775301768613;17071.9733;11919.2306;0.76;1281.7;1332.7;3
1775301770110;17071.9730;11919.2322;0.71;1281.6;1332.6;3
1775301771869;17071.9737;11919.2341;0.82;1281.7;1332.7;3
1775301773744;17071.9736;11919.2360;0.72;1281.8;1332.8;3
1775301775492;17071.9732;11919.2379;0.85;1281.8;1332.8;3
1775301777320;17071.9724;11919.2404;0.94;1281.8;1332.8;3
1775301779052;17071.9719;11919.2425;0.76;1281.8;1332.8;3
1775301781002;17071.9716;11919.2443;0.81;1281.8;1332.8;3
1775301783265;17071.9710;11919.2466;0.81;1281.8;1332.8;3
1775301785131;17071.9706;11919.2487;0.88;1281.7;1332.7;3
1775301786926;17071.9700;11919.2511;1.00;1281.6;1332.6;3
1775301788741;17071.9695;11919.2535;0.95;1281.5;1332.5;3
1775301790342;17071.9692;11919.2553;0.99;1281.5;1332.5;3
1775301792277;17071.9691;11919.2576;0.93;1281.5;1332.5;3
1775301793862;17071.9684;11919.2596;1.01;1281.5;1332.5;3
1775301795825;17071.9677;11919.2622;1.00;1281.3;1332.3;3
1775301797412;17071.9671;11919.2642;0.85;1281.0;1332.0;3
1775301798813;17071.9665;11919.2659;0.97;1281.0;1332.0;3
1775301800285;17071.9661;11919.2675;0.84;1281.5;1332.5;3
1775301801645;17071.9655;11919.2690;1.00;1281.6;1332.6;3
1775301803118;17071.9654;11919.2707;0.95;1281.7;1332.7;3
1775301805586;17071.9652;11919.2738;0.98;1281.7;1332.7;3
1775301807557;17071.9646;11919.2762;0.93;1281.8;1332.8;3
1775301809037;17071.9638;11919.2783;0.88;1281.7;1332.7;3
1775301810560;17071.9628;11919.2802;0.96;1281.8;1332.8;3
1775301812150;17071.9614;11919.2820;0.96;1281.9;1332.9;3
1775301814304;17071.9601;11919.2845;0.98;1282.0;1333.0;3
1775301816288;17071.9581;11919.2856;0.86;1282.2;1333.2;3
1775301818104;17071.9569;11919.2875;0.97;1282.3;1333.3;3
1775301820701;17071.9568;11919.2902;0.91;1282.5;1333.5;3
1775301822351;17071.9578;11919.2919;0.80;1281.9;1332.9;3
1775301823753;17071.9584;11919.2933;0.78;1282.0;1333.0;3
1775301825468;17071.9583;11919.2949;0.66;1282.4;1333.4;3
1775301826967;17071.9591;11919.2956;0.53;1282.6;1333.6;3
1775301829114;17071.9587;11919.2963;0.28;1282.8;1333.8;3
1775301833017;17071.9593;11919.2972;0.12;1283.2;1334.2;3
1775301836114;17071.9593;11919.2975;0.06;1282.9;1333.9;3
1775301838176;17071.9594;11919.2977;0.07;1282.8;1333.8;3
1775301842147;17071.9591;11919.2974;0.06;1282.6;1333.6;3
1775301843593;17071.9592;11919.2974;0.07;1282.6;1333.6;3
1775303319963;17071.9460;11919.2850;0.61;1282.6;1333.6;8
1775303322871;17071.9510;11919.3038;0.14;1282.6;1333.6;7
1775303325896;17071.9518;11919.3035;0.14;1281.0;1332.0;7
1775303327882;17071.9522;11919.3034;0.37;1281.0;1332.0;8
1775303331115;17071.9525;11919.3035;0.16;1283.1;1334.1;6
1775303333028;17071.9531;11919.3043;0.15;1281.1;1332.1;3
1775303334901;17071.9531;11919.3045;0.16;1281.2;1332.2;3
1775303336296;17071.9537;11919.3049;0.53;1280.2;1331.2;3
1775303337825;17071.9531;11919.3052;0.70;1280.1;1331.1;3
1775303339383;17071.9520;11919.3080;0.72;1280.1;1331.1;3
1775303340751;17071.9510;11919.3089;0.77;1280.1;1331.1;3
1775303342579;17071.9508;11919.3116;0.80;1280.1;1331.1;3
1775303345004;17071.9511;11919.3148;0.90;1280.1;1331.1;3
1775303346955;17071.9511;11919.3171;0.78;1280.0;1331.0;3
1775303348700;17071.9509;11919.3189;0.85;1280.0;1331.0;3
1775303350025;17071.9509;11919.3199;0.89;1279.9;1330.9;3
1775303351600;17071.9513;11919.3214;0.79;1279.9;1330.9;3
1775303353765;17071.9509;11919.3234;0.67;1279.9;1330.9;3
1775303355204;17071.9505;11919.3247;0.68;1279.9;1330.9;3
1775303356564;17071.9495;11919.3258;0.50;1281.0;1332.0;3
1775303357953;17071.9488;11919.3265;0.51;1281.0;1332.0;3
1775303359906;17071.9480;11919.3277;0.46;1280.9;1331.9;3
1775303498845;17071.9503;11919.3549;0.78;1279.1;1330.1;7
1775303501969;17071.9505;11919.3602;0.65;1278.8;1329.8;6
1775303504258;17071.9493;11919.3624;0.72;1278.7;1329.7;6
1775303505749;17071.9486;11919.3627;0.82;1278.6;1329.6;8
1775303507496;17071.9480;11919.3634;0.95;1278.6;1329.6;10
1775303509319;17071.9469;11919.3683;0.94;1278.3;1329.3;8
1775303510958;17071.9468;11919.3704;0.83;1280.3;1331.3;6
1775303512360;17071.9469;11919.3722;0.90;1280.2;1331.2;4
1775303513840;17071.9474;11919.3733;0.84;1280.1;1331.1;3
1775303515264;17071.9478;11919.3744;0.89;1280.0;1331.0;3
1775303516954;17071.9482;11919.3761;0.87;1279.9;1330.9;3
1775303518279;17071.9485;11919.3775;0.86;1279.8;1330.8;3
1775303519935;17071.9473;11919.3790;0.86;1279.5;1330.5;3
1775303521608;17071.9460;11919.3808;0.97;1279.4;1330.4;3
1775303523472;17071.9449;11919.3824;0.98;1279.0;1330.0;3
1775303525153;17071.9442;11919.3843;1.03;1278.8;1329.8;3
1775303526775;17071.9436;11919.3854;0.94;1278.5;1329.5;3
1775303528790;17071.9421;11919.3874;0.98;1278.3;1329.3;3
1775303530431;17071.9406;11919.3889;0.85;1278.1;1329.1;3
1775303531903;17071.9399;11919.3904;0.73;1277.9;1328.9;3
1775303533316;17071.9395;11919.3918;0.82;1277.8;1328.8;3
1775303534777;17071.9389;11919.3935;0.89;1277.7;1328.7;3
1775303536422;17071.9402;11919.3957;0.81;1277.4;1328.4;3
1775303537947;17071.9404;11919.3980;0.86;1277.3;1328.3;3
1775303539300;17071.9405;11919.3999;0.91;1277.1;1328.1;3
1775303540954;17071.9407;11919.4026;0.97;1279.0;1330.0;3
1775303542520;17071.9408;11919.4053;1.04;1278.9;1329.9;3
1775303543954;17071.9411;11919.4075;0.99;1279.0;1330.0;3
1775303545522;17071.9418;11919.4097;1.00;1278.9;1329.9;3
1775303546946;17071.9421;11919.4118;1.04;1278.9;1329.9;3
1775303548394;17071.9421;11919.4139;1.04;1278.9;1329.9;3
1775303549969;17071.9419;11919.4157;0.65;1278.8;1329.8;3
1775303552168;17071.9407;11919.4167;0.57;1278.8;1329.8;3
1775303554294;17071.9399;11919.4186;0.69;1278.9;1329.9;3
1775303555911;17071.9384;11919.4205;0.81;1278.9;1329.9;3
1775303557372;17071.9372;11919.4223;0.86;1278.7;1329.7;3
1775303558739;17071.9360;11919.4235;0.85;1278.6;1329.6;3
1775303560631;17071.9342;11919.4253;0.76;1278.4;1329.4;3
1775303562402;17071.9332;11919.4270;0.74;1278.1;1329.1;3
1775303564312;17071.9325;11919.4291;0.82;1277.6;1328.6;3
1775303565683;17071.9311;11919.4304;0.77;1277.4;1328.4;3
1775303567709;17071.9297;11919.4319;0.83;1277.1;1328.1;3
1775303569304;17071.9281;11919.4335;0.87;1276.5;1327.5;3
1775303570960;17071.9264;11919.4349;0.72;1276.3;1327.3;3
1775303573052;17071.9244;11919.4359;0.72;1276.1;1327.1;3
1775303574746;17071.9224;11919.4354;0.74;1276.0;1327.0;3
1775303576674;17071.9204;11919.4367;0.96;1275.6;1326.6;3
1775303578895;17071.9170;11919.4386;0.96;1274.5;1325.5;3
1775303580609;17071.9147;11919.4406;1.08;1274.2;1325.2;3
1775303582251;17071.9130;11919.4426;1.15;1273.9;1324.9;3
1775303584150;17071.9123;11919.4451;0.99;1273.4;1324.4;3
1775303585550;17071.9115;11919.4468;1.01;1273.4;1324.4;3
1775303587114;17071.9121;11919.4491;0.90;1273.5;1324.5;3
1775303588901;17071.9112;11919.4508;0.94;1273.4;1324.4;3
1775303591055;17071.9112;11919.4542;1.00;1273.1;1324.1;3
1775303592431;17071.9111;11919.4561;0.84;1273.1;1324.1;3
1775303594243;17071.9103;11919.4583;0.91;1273.1;1324.1;3
1775303595904;17071.9094;11919.4596;0.84;1273.0;1324.0;3
1775303597960;17071.9083;11919.4615;0.87;1272.9;1323.9;3
1775303599524;17071.9073;11919.4629;0.94;1272.8;1323.8;3
1775303600893;17071.9067;11919.4645;0.96;1272.6;1323.6;3
1775303602303;17071.9068;11919.4657;0.80;1272.6;1323.6;3
1775303603800;17071.9068;11919.4671;0.81;1272.5;1323.5;3
1775303605393;17071.9076;11919.4679;0.61;1272.5;1323.5;3
1775303606940;17071.9082;11919.4689;0.62;1272.5;1323.5;3
1775303608778;17071.9082;11919.4686;0.29;1272.8;1323.8;3
1775303610410;17071.9071;11919.4694;0.41;1272.8;1323.8;3
1775303612930;17071.9053;11919.4714;0.71;1272.8;1323.8;3
1775303615013;17071.9035;11919.4729;0.68;1272.5;1323.5;3
1775303616736;17071.9030;11919.4739;0.55;1272.1;1323.1;3
1775303618809;17071.9019;11919.4751;0.64;1271.5;1322.5;3
1775303620222;17071.9005;11919.4763;0.88;1271.2;1322.2;3
1775303621939;17071.8996;11919.4775;0.69;1270.9;1321.9;3
1775303624312;17071.8990;11919.4796;0.79;1270.2;1321.2;3
1775303625848;17071.8977;11919.4806;0.79;1270.2;1321.2;3
1775303627620;17071.8965;11919.4824;0.93;1270.0;1321.0;3
1775303629370;17071.8966;11919.4841;0.83;1269.8;1320.8;3
1775303630719;17071.8963;11919.4858;0.94;1269.8;1320.8;3
1775303632255;17071.8962;11919.4869;0.84;1269.8;1320.8;3
1775303633782;17071.8961;11919.4885;0.85;1269.8;1320.8;3
1775303635410;17071.8951;11919.4901;0.80;1270.0;1321.0;3
1775303636949;17071.8945;11919.4917;0.81;1270.2;1321.2;3
1775303639451;17071.8934;11919.4938;0.73;1270.3;1321.3;3
1775303641204;17071.8926;11919.4946;0.65;1270.3;1321.3;3
1775303642932;17071.8917;11919.4956;0.62;1270.2;1321.2;3
1775303644695;17071.8905;11919.4967;0.75;1270.0;1321.0;3
1775303646013;17071.8896;11919.4982;0.76;1269.7;1320.7;3
1775303647974;17071.8881;11919.5000;0.92;1269.6;1320.6;3
1775303649847;17071.8880;11919.5012;0.62;1269.4;1320.4;3
1775303651415;17071.8874;11919.5019;0.51;1268.8;1319.8;3
1775303653025;17071.8870;11919.5016;0.34;1268.2;1319.2;3
1775303654775;17071.8864;11919.5022;0.44;1267.9;1318.9;3
1775303656625;17071.8848;11919.5043;0.80;1268.0;1319.0;3
1775303658891;17071.8829;11919.5067;0.84;1267.3;1318.3;3
1775303660544;17071.8816;11919.5082;0.85;1267.0;1318.0;3
1775303662268;17071.8795;11919.5100;0.90;1267.0;1318.0;3
1775303664105;17071.8791;11919.5114;0.44;1266.6;1317.6;3
1775303665430;17071.8788;11919.5118;0.46;1266.3;1317.3;3
1775303666954;17071.8780;11919.5131;0.51;1266.5;1317.5;3
1775303677673;17071.8616;11919.5239;0.16;1265.4;1316.4;9
1775303679853;17071.8647;11919.5267;0.31;1265.3;1316.3;8
1775303682854;17071.8652;11919.5279;0.52;1265.2;1316.2;9
1775303684209;17071.8681;11919.5316;0.59;1265.4;1316.4;7
1775303685918;17071.8682;11919.5326;0.81;1265.4;1316.4;7
1775303688082;17071.8650;11919.5353;0.83;1265.1;1316.1;5
1775303690361;17071.8634;11919.5371;0.33;1264.7;1315.7;4
1775303691710;17071.8631;11919.5370;0.25;1264.6;1315.6;4
1775303693294;17071.8625;11919.5370;0.17;1264.1;1315.1;3
1775303694951;17071.8619;11919.5374;0.15;1264.9;1315.9;3
1775303696866;17071.8614;11919.5380;0.17;1264.9;1315.9;3
1775303698428;17071.8604;11919.5384;0.15;1264.2;1315.2;3
1775303700371;17071.8601;11919.5387;0.17;1263.6;1314.6;3
1775303703917;17071.8584;11919.5405;0.13;1262.9;1313.9;3
1775303705474;17071.8581;11919.5408;0.15;1262.8;1313.8;3
1775303706916;17071.8579;11919.5408;0.14;1262.6;1313.6;3
1775303708352;17071.8568;11919.5420;0.18;1262.6;1313.6;3
1775303709959;17071.8561;11919.5435;0.27;1262.6;1313.6;3
1775303711790;17071.8559;11919.5446;0.24;1262.2;1313.2;3
1775303713728;17071.8548;11919.5455;0.25;1261.3;1312.3;3
1775303715885;17071.8541;11919.5460;0.34;1261.0;1312.0;3
1775303718101;17071.8523;11919.5479;0.50;1261.2;1312.2;3
1775303719835;17071.8505;11919.5498;0.60;1261.3;1312.3;3
1775303721556;17071.8494;11919.5514;0.77;1261.3;1312.3;3
1775303723474;17071.8490;11919.5535;0.71;1261.6;1312.6;3
1775303724947;17071.8481;11919.5550;0.71;1261.6;1312.6;3
1775303726307;17071.8474;11919.5566;0.84;1261.5;1312.5;3
1775303727684;17071.8469;11919.5581;0.86;1261.4;1312.4;3
1775303729107;17071.8470;11919.5604;0.76;1261.1;1312.1;3
1775303730959;17071.8466;11919.5620;0.57;1261.2;1312.2;3
1775303732514;17071.8463;11919.5631;0.59;1261.1;1312.1;3
1775303733975;17071.8454;11919.5638;0.47;1261.0;1312.0;3
1775303735630;17071.8448;11919.5648;0.54;1261.0;1312.0;3
1775303737394;17071.8438;11919.5670;0.69;1261.1;1312.1;3
1775303739221;17071.8429;11919.5691;0.85;1261.0;1312.0;3
1775303741178;17071.8421;11919.5714;0.74;1260.7;1311.7;3
1775303742845;17071.8417;11919.5729;0.61;1260.8;1311.8;3
1775303744575;17071.8408;11919.5738;0.65;1260.9;1311.9;3
1775303746117;17071.8410;11919.5746;0.47;1261.1;1312.1;3
1775303747917;17071.8408;11919.5760;0.63;1261.1;1312.1;3
1775303749946;17071.8404;11919.5768;0.51;1261.3;1312.3;3
1775303751560;17071.8391;11919.5767;0.61;1261.4;1312.4;3
1775303754028;17071.8384;11919.5769;0.30;1261.2;1312.2;3
1775303756211;17071.8368;11919.5773;0.32;1261.1;1312.1;3
1775303757957;17071.8360;11919.5769;0.40;1261.0;1312.0;3
1775303759681;17071.8330;11919.5759;0.75;1261.0;1312.0;3
1775303761608;17071.8310;11919.5754;0.72;1260.5;1311.5;3
1775303763056;17071.8296;11919.5749;0.83;1259.8;1310.8;3
1775303764769;17071.8284;11919.5762;0.78;1259.4;1310.4;3
1775303766911;17071.8271;11919.5780;0.80;1258.6;1309.6;3
1775303768281;17071.8273;11919.5788;0.73;1258.6;1309.6;3
1775303769963;17071.8264;11919.5796;0.53;1258.8;1309.8;3
1775303771412;17071.8253;11919.5801;0.72;1258.8;1309.8;3
1775303772936;17071.8243;11919.5813;0.76;1258.9;1309.9;3
1775303774347;17071.8250;11919.5836;0.67;1258.8;1309.8;3
1775303775947;17071.8250;11919.5854;0.49;1258.8;1309.8;3
1775303777886;17071.8245;11919.5871;0.59;1259.0;1310.0;3
1775303779660;17071.8247;11919.5892;0.46;1259.2;1310.2;3
1775303781024;17071.8243;11919.5901;0.46;1259.3;1310.3;3
1775303782482;17071.8229;11919.5920;0.41;1259.6;1310.6;3
1775303784287;17071.8219;11919.5922;0.36;1259.7;1310.7;3
1775303786384;17071.8199;11919.5928;0.40;1259.4;1310.4;3
1775303787937;17071.8181;11919.5933;0.54;1259.6;1310.6;3
1775303789340;17071.8163;11919.5939;0.82;1259.6;1310.6;3
1775303790872;17071.8145;11919.5944;0.70;1259.5;1310.5;3
1775303792876;17071.8127;11919.5942;0.63;1259.4;1310.4;3
1775303794388;17071.8125;11919.5949;0.69;1259.0;1310.0;3
1775303795906;17071.8113;11919.5956;0.75;1258.9;1309.9;3
1775303797709;17071.8111;11919.5951;0.67;1258.9;1309.9;3
1775303799181;17071.8096;11919.5950;0.82;1258.9;1309.9;3
1775303800657;17071.8095;11919.5951;0.69;1258.9;1309.9;3
1775303802118;17071.8084;11919.5958;0.73;1258.9;1309.9;3
1775303803568;17071.8081;11919.5970;0.67;1258.8;1309.8;3
1775303804977;17071.8070;11919.5977;0.70;1258.8;1309.8;3
1775303806448;17071.8064;11919.5979;0.57;1259.6;1310.6;3
1775303807864;17071.8052;11919.5976;0.74;1259.7;1310.7;3
1775303809617;17071.8042;11919.5970;0.55;1259.1;1310.1;3
1775303811930;17071.8024;11919.5972;0.60;1259.1;1310.1;3
1775303813560;17071.8022;11919.5973;0.44;1259.4;1310.4;3
1775303815399;17071.8011;11919.5972;0.58;1259.0;1310.0;3
1775303817063;17071.8002;11919.5961;0.64;1259.0;1310.0;3
1775303818814;17071.8006;11919.5954;0.58;1259.0;1310.0;3
1775303820150;17071.8006;11919.5942;0.67;1258.9;1309.9;3
1775303822014;17071.7994;11919.5946;0.54;1259.3;1310.3;3
1775303823949;17071.7985;11919.5946;0.33;1258.5;1309.5;3
1775303825618;17071.7983;11919.5945;0.29;1258.3;1309.3;3
1775303827633;17071.7971;11919.5950;0.35;1258.2;1309.2;3
1775303829289;17071.7959;11919.5954;0.57;1258.0;1309.0;3
1775303830748;17071.7942;11919.5967;0.59;1257.9;1308.9;3
1775303832701;17071.7922;11919.5971;0.74;1257.8;1308.8;3
1775303834568;17071.7901;11919.5977;0.82;1257.8;1308.8;3
1775303836676;17071.7878;11919.5974;0.85;1257.7;1308.7;3
1775303838024;17071.7862;11919.5968;0.90;1257.6;1308.6;3
1775303839714;17071.7850;11919.5962;0.78;1257.5;1308.5;3
1775303841543;17071.7829;11919.5962;0.96;1257.4;1308.4;3
1775303843293;17071.7815;11919.5953;0.98;1257.2;1308.2;3
1775303844959;17071.7801;11919.5945;0.64;1257.5;1308.5;3
1775303846812;17071.7791;11919.5930;0.77;1257.4;1308.4;3
1775303848688;17071.7784;11919.5914;0.65;1257.1;1308.1;3
1775303850629;17071.7771;11919.5899;0.76;1257.1;1308.1;3
1775303852594;17071.7755;11919.5889;0.74;1257.0;1308.0;3
1775303853960;17071.7738;11919.5893;0.65;1257.2;1308.2;3
1775303855697;17071.7722;11919.5899;0.74;1257.2;1308.2;3
1775303857504;17071.7707;11919.5902;0.60;1257.3;1308.3;3
1775303859980;17071.7686;11919.5895;0.50;1257.6;1308.6;3
1775303861389;17071.7676;11919.5892;0.57;1258.3;1309.3;3
1775303862918;17071.7664;11919.5887;0.65;1258.3;1309.3;3
1775303864608;17071.7654;11919.5878;0.58;1258.4;1309.4;3
1775303866201;17071.7645;11919.5875;0.56;1258.1;1309.1;3
1775303868031;17071.7632;11919.5875;0.59;1258.0;1309.0;3
1775303869936;17071.7623;11919.5872;0.43;1258.0;1309.0;3
1775303871731;17071.7615;11919.5877;0.45;1258.0;1309.0;3
1775303873376;17071.7613;11919.5887;0.50;1258.1;1309.1;3
1775303874767;17071.7615;11919.5898;0.62;1258.2;1309.2;3
1775303876258;17071.7611;11919.5901;0.30;1258.4;1309.4;3
1775303877900;17071.7596;11919.5911;0.46;1258.7;1309.7;3
1775303883049;17071.7351;11919.5968;0.01;1259.4;1310.4;8
1775303885965;17071.7350;11919.5716;0.09;1260.7;1311.7;11
1775303888256;17071.7351;11919.5688;0.48;1260.8;1311.8;11
1775303889646;17071.7304;11919.5809;0.28;1261.2;1312.2;9
1775303891400;17071.7302;11919.5813;0.29;1261.2;1312.2;9
1775303893110;17071.7333;11919.5886;0.22;1261.4;1312.4;7
1775303894945;17071.7336;11919.5887;0.26;1261.5;1312.5;5
1775303896945;17071.7343;11919.5907;0.36;1261.8;1312.8;3
1775303898651;17071.7348;11919.5916;0.49;1261.9;1312.9;3
1775303900440;17071.7356;11919.5909;0.57;1262.3;1313.3;3
1775303901918;17071.7350;11919.5925;0.25;1262.3;1313.3;3
1775303903659;17071.7354;11919.5927;0.28;1262.8;1313.8;3
1775303905394;17071.7344;11919.5942;0.27;1263.4;1314.4;3
1775303906967;17071.7333;11919.5949;0.29;1263.6;1314.6;3
1775303908767;17071.7326;11919.5957;0.29;1263.7;1314.7;3
1775303910386;17071.7310;11919.5958;0.31;1263.7;1314.7;3
1775303911918;17071.7311;11919.5962;0.49;1263.8;1314.8;3
1775303913386;17071.7304;11919.5965;0.53;1263.8;1314.8;3
1775303915004;17071.7308;11919.5978;0.72;1263.9;1314.9;3
1775303917011;17071.7301;11919.5989;0.81;1264.0;1315.0;4
1775303918502;17071.7311;11919.6004;0.87;1264.0;1315.0;4
1775303920307;17071.7324;11919.6011;0.74;1264.2;1315.2;5
1775303921788;17071.7218;11919.5967;0.83;1264.2;1315.2;5
1775303923357;17071.7186;11919.5957;0.61;1264.2;1315.2;4
1775303924917;17071.7167;11919.5959;0.58;1264.2;1315.2;4
1775303926552;17071.7150;11919.5963;0.61;1264.2;1315.2;4
1775303927932;17071.7132;11919.5970;0.66;1264.2;1315.2;4
1775303929568;17071.7114;11919.5977;0.72;1264.2;1315.2;3
1775303930986;17071.7099;11919.5976;0.77;1264.1;1315.1;3
1775303932779;17071.7077;11919.5976;0.90;1264.1;1315.1;3
1775303935219;17071.7052;11919.5975;0.88;1264.0;1315.0;3
1775303936951;17071.7035;11919.5978;0.82;1263.8;1314.8;3
1775303939018;17071.7012;11919.5983;0.91;1263.8;1314.8;3
1775303940414;17071.7002;11919.5983;0.79;1263.7;1314.7;3
1775303941869;17071.6986;11919.5987;0.91;1263.7;1314.7;3
1775303943398;17071.6967;11919.5987;0.86;1263.5;1314.5;3
1775303944990;17071.6949;11919.5989;0.83;1263.5;1314.5;3
1775303947451;17071.6913;11919.5982;0.92;1263.6;1314.6;3
1775303948899;17071.6896;11919.5979;0.77;1263.8;1314.8;3
1775303950873;17071.6877;11919.5967;0.91;1263.8;1314.8;3
1775303952434;17071.6868;11919.5956;0.69;1264.0;1315.0;3
1775303954004;17071.6860;11919.5949;0.55;1264.0;1315.0;3
1775303955566;17071.6844;11919.5944;0.56;1263.8;1314.8;3
1775303957599;17071.6830;11919.5937;0.54;1263.7;1314.7;3
1775303959573;17071.6808;11919.5918;0.80;1263.6;1314.6;3
1775303961549;17071.6789;11919.5901;0.84;1263.1;1314.1;3
1775303963939;17071.6768;11919.5886;0.75;1263.0;1314.0;3
1775303965936;17071.6754;11919.5868;0.74;1262.7;1313.7;3
1775303967730;17071.6748;11919.5854;0.63;1262.4;1313.4;3
1775303969248;17071.6740;11919.5843;0.65;1262.3;1313.3;3
1775303970786;17071.6729;11919.5842;0.62;1261.7;1312.7;3
1775303972920;17071.6716;11919.5829;0.70;1261.3;1312.3;3
1775303974432;17071.6711;11919.5822;0.65;1261.3;1312.3;3
1775303975945;17071.6708;11919.5808;0.85;1260.9;1311.9;3
1775303977522;17071.6701;11919.5795;0.80;1260.3;1311.3;3
1775303978935;17071.6693;11919.5791;0.73;1260.2;1311.2;3
1775303980444;17071.6686;11919.5789;0.63;1259.9;1310.9;3
1775303981949;17071.6681;11919.5785;0.41;1259.4;1310.4;3
1775303983923;17071.6682;11919.5779;0.23;1258.9;1309.9;3
1775303985363;17071.6683;11919.5772;0.22;1258.5;1309.5;3
1775303987123;17071.6688;11919.5769;0.26;1258.4;1309.4;3
1775303988950;17071.6699;11919.5764;0.45;1258.0;1309.0;3
1775303990541;17071.6715;11919.5757;0.71;1257.9;1308.9;3
1775303992248;17071.6726;11919.5743;0.78;1257.6;1308.6;3
1775303993968;17071.6728;11919.5737;0.45;1257.0;1308.0;3
1775303996969;17071.6731;11919.5743;0.10;1256.6;1307.6;3
1775303999844;17071.6732;11919.5747;0.07;1256.7;1307.7;3
1775304002696;17071.6732;11919.5749;0.09;1256.6;1307.6;3
1775304004506;17071.6726;11919.5749;0.13;1256.4;1307.4;3
1775304005891;17071.6714;11919.5742;0.36;1256.3;1307.3;3
1775304008030;17071.6703;11919.5723;0.58;1256.3;1307.3;3
1775304009872;17071.6713;11919.5711;0.73;1256.0;1307.0;3
1775304011256;17071.6721;11919.5701;0.74;1255.6;1306.6;3
1775304014959;17071.6713;11919.5701;0.05;1255.0;1306.0;3
1775304017148;17071.6711;11919.5703;0.07;1254.9;1305.9;3
1775304018817;17071.6712;11919.5703;0.10;1254.9;1305.9;3
1775304020944;17071.6719;11919.5701;0.24;1254.6;1305.6;3
1775304022347;17071.6725;11919.5695;0.36;1254.6;1305.6;3
1775304023938;17071.6729;11919.5692;0.34;1254.2;1305.2;3
1775304026527;17071.6738;11919.5690;0.31;1253.5;1304.5;3
1775304028003;17071.6740;11919.5687;0.27;1253.1;1304.1;3
1775304029893;17071.6751;11919.5677;0.55;1252.8;1303.8;3
1775304032967;17071.6754;11919.5660;0.25;1251.9;1302.9;3
1775304035960;17071.6753;11919.5658;0.07;1251.9;1302.9;3
1775304037724;17071.6752;11919.5658;0.07;1251.8;1302.8;3
1775304040093;17071.6752;11919.5653;0.11;1251.8;1302.8;3
1775304041926;17071.6753;11919.5653;0.12;1251.8;1302.8;3
1775304043686;17071.6760;11919.5644;0.23;1252.0;1303.0;3
1775304045686;17071.6770;11919.5641;0.22;1252.1;1303.1;3
1775304047512;17071.6776;11919.5638;0.31;1252.1;1303.1;3
1775304049273;17071.6791;11919.5637;0.38;1251.6;1302.6;3
1775304050910;17071.6801;11919.5633;0.38;1251.9;1302.9;3
1775304052923;17071.6811;11919.5625;0.45;1251.9;1302.9;3
1775304054758;17071.6822;11919.5612;0.56;1251.7;1302.7;3
1775304056945;17071.6835;11919.5599;0.53;1251.1;1302.1;3
1775304058802;17071.6851;11919.5596;0.65;1250.8;1301.8;3
1775304060721;17071.6862;11919.5595;0.62;1250.5;1301.5;3
1775304062975;17071.6871;11919.5597;0.41;1250.4;1301.4;3
1775304065979;17071.6873;11919.5600;0.19;1250.0;1301.0;3
1775304068075;17071.6871;11919.5602;0.10;1250.2;1301.2;3
1775304070928;17071.6869;11919.5602;0.12;1250.8;1301.8;3
1775304073122;17071.6875;11919.5603;0.22;1250.8;1301.8;3
1775304074820;17071.6869;11919.5606;0.32;1250.8;1301.8;3
1775304077614;17071.6881;11919.5605;0.19;1250.8;1301.8;3
1775304080196;17071.6897;11919.5597;0.16;1250.2;1301.2;3
1775304083850;17071.6909;11919.5590;0.06;1250.1;1301.1;3
1775304086902;17071.6913;11919.5588;0.04;1249.7;1300.7;3
1775304093910;17071.6915;11919.5582;0.11;1249.8;1300.8;3
1775304095415;17071.6916;11919.5581;0.10;1249.8;1300.8;3
1775304096954;17071.6917;11919.5576;0.11;1250.2;1301.2;3
1775304098849;17071.6917;11919.5572;0.19;1250.1;1301.1;3
1775304100208;17071.6918;11919.5562;0.29;1250.0;1301.0;3
1775304102945;17071.6922;11919.5554;0.26;1249.9;1300.9;3
1775304105080;17071.6921;11919.5551;0.24;1249.7;1300.7;3
1775304106917;17071.6928;11919.5547;0.27;1249.2;1300.2;3
1775304108692;17071.6930;11919.5542;0.39;1248.9;1299.9;3
1775304110498;17071.6935;11919.5537;0.49;1248.5;1299.5;3
1775304111935;17071.6928;11919.5536;0.48;1248.4;1299.4;3
1775304113266;17071.6925;11919.5533;0.42;1248.1;1299.1;3
1775304114899;17071.6924;11919.5526;0.42;1247.8;1298.8;3
1775304116597;17071.6919;11919.5524;0.41;1247.5;1298.5;3
1775304124642;17071.6919;11919.5529;0.12;1246.3;1297.3;4
1775304127948;17071.6918;11919.5528;0.06;1246.6;1297.6;4
1775304130916;17071.6917;11919.5516;0.06;1246.5;1297.5;3
1775304132311;17071.6916;11919.5515;0.06;1246.5;1297.5;3
1775304133940;17071.6905;11919.5521;0.14;1246.3;1297.3;3
1775304135615;17071.6900;11919.5525;0.23;1246.3;1297.3;3
1775304137111;17071.6893;11919.5525;0.33;1245.9;1296.9;3
1775304138881;17071.6883;11919.5527;0.47;1245.8;1296.8;3
1775304140438;17071.6865;11919.5511;0.41;1245.7;1296.7;3
1775304142241;17071.6854;11919.5495;0.43;1245.6;1296.6;4
1775304144046;17071.6851;11919.5472;0.42;1245.7;1296.7;3
1775304145672;17071.6850;11919.5462;0.47;1245.2;1296.2;3
1775304147331;17071.6867;11919.5448;0.45;1244.4;1295.4;3
1775304148944;17071.6880;11919.5435;0.42;1244.0;1295.0;3
1775304150588;17071.6889;11919.5426;0.32;1243.9;1294.9;3
1775304154935;17071.6898;11919.5435;0.09;1243.6;1294.6;3
1775304156439;17071.6898;11919.5437;0.14;1243.3;1294.3;3
1775304157948;17071.6896;11919.5438;0.49;1243.3;1294.3;3
1775304159437;17071.6889;11919.5433;0.46;1243.2;1294.2;3
1775304160925;17071.6890;11919.5424;0.32;1242.6;1293.6;3
1775304162830;17071.6890;11919.5416;0.41;1242.1;1293.1;3
1775304164669;17071.6882;11919.5402;0.37;1241.5;1292.5;3
1775304166608;17071.6874;11919.5391;0.51;1241.1;1292.1;3
1775304168464;17071.6864;11919.5376;0.50;1240.7;1291.7;3
1775304169920;17071.6869;11919.5372;0.41;1240.5;1291.5;3
1775304171765;17071.6877;11919.5369;0.31;1239.8;1290.8;3
1775304173729;17071.6897;11919.5360;0.47;1239.6;1290.6;3
1775304175510;17071.6913;11919.5353;0.63;1239.2;1290.2;3
1775304177192;17071.6925;11919.5346;0.59;1238.6;1289.6;3
1775304178930;17071.6944;11919.5344;0.56;1238.2;1289.2;3
1775304180995;17071.6960;11919.5341;0.52;1238.0;1289.0;3
1775304182720;17071.6972;11919.5325;0.54;1238.1;1289.1;3
1775304184536;17071.6977;11919.5310;0.64;1237.3;1288.3;3
1775304186251;17071.6983;11919.5294;0.54;1237.2;1288.2;3
1775304187972;17071.6991;11919.5280;0.57;1236.8;1287.8;3
1775304190955;17071.6992;11919.5271;0.23;1236.3;1287.3;3
1775304193959;17071.6991;11919.5274;0.12;1236.1;1287.1;3
1775304195411;17071.6992;11919.5276;0.13;1236.0;1287.0;3
1775304196988;17071.6995;11919.5278;0.19;1236.0;1287.0;3
1775304198713;17071.7020;11919.5286;0.46;1236.0;1287.0;3
1775304200803;17071.7054;11919.5284;0.78;1236.0;1287.0;3
1775304202312;17071.7070;11919.5288;0.68;1236.2;1287.2;3
1775304204649;17071.7078;11919.5306;0.35;1236.5;1287.5;3
1775304206106;17071.7078;11919.5313;0.16;1236.6;1287.6;3
1775304207596;17071.7079;11919.5314;0.19;1236.6;1287.6;3
1775304209212;17071.7092;11919.5320;0.29;1236.6;1287.6;3
1775304210710;17071.7103;11919.5326;0.50;1236.6;1287.6;3
1775304212243;17071.7119;11919.5334;0.42;1236.5;1287.5;3
1775304214160;17071.7133;11919.5341;0.54;1236.5;1287.5;3
1775304215685;17071.7137;11919.5333;0.31;1237.0;1288.0;3
1775304217963;17071.7143;11919.5316;0.15;1237.3;1288.3;3
1775304219927;17071.7147;11919.5313;0.17;1237.3;1288.3;3
1775304221912;17071.7163;11919.5312;0.28;1236.9;1287.9;3
1775304223935;17071.7181;11919.5317;0.39;1237.1;1288.1;3
1775304225264;17071.7192;11919.5316;0.41;1237.2;1288.2;3
1775304226945;17071.7210;11919.5324;0.54;1237.5;1288.5;3
1775304228736;17071.7230;11919.5333;0.61;1237.5;1288.5;3
1775304230277;17071.7247;11919.5343;0.57;1237.3;1288.3;3
1775304232350;17071.7271;11919.5345;0.71;1237.2;1288.2;3
1775304234109;17071.7272;11919.5348;0.40;1237.0;1288.0;3
1775304235901;17071.7273;11919.5333;0.58;1236.9;1287.9;3
1775304237647;17071.7250;11919.5320;0.53;1236.7;1287.7;3
1775304239194;17071.7238;11919.5314;0.31;1236.3;1287.3;3
1775304241157;17071.7239;11919.5305;0.39;1235.9;1286.9;3
1775304242872;17071.7264;11919.5297;0.63;1235.7;1286.7;3
1775304244933;17071.7280;11919.5290;0.41;1234.8;1285.8;3
1775304246685;17071.7289;11919.5284;0.47;1234.4;1285.4;3
1775304248553;17071.7291;11919.5278;0.50;1234.2;1285.2;3
1775304250328;17071.7287;11919.5266;0.67;1233.8;1284.8;3
1775304251725;17071.7276;11919.5256;0.80;1233.6;1284.6;3
1775304253517;17071.7264;11919.5244;0.71;1233.1;1284.1;3
1775304255100;17071.7258;11919.5232;0.75;1232.2;1283.2;3
1775304256892;17071.7253;11919.5218;0.67;1231.8;1282.8;3
1775304258546;17071.7240;11919.5212;0.66;1231.6;1282.6;3
1775304259931;17071.7232;11919.5205;0.54;1231.5;1282.5;3
1775304261635;17071.7225;11919.5196;0.56;1231.4;1282.4;3
1775304263544;17071.7221;11919.5189;0.47;1231.3;1282.3;3
1775304265860;17071.7223;11919.5180;0.44;1231.0;1282.0;3
1775304267948;17071.7227;11919.5171;0.55;1231.1;1282.1;3
1775304269392;17071.7240;11919.5171;0.64;1230.6;1281.6;3
1775304270798;17071.7251;11919.5163;0.73;1230.1;1281.1;3
1775304272186;17071.7248;11919.5166;0.53;1229.2;1280.2;3
1775304274295;17071.7234;11919.5167;0.51;1229.0;1280.0;3
1775304275874;17071.7228;11919.5164;0.59;1228.7;1279.7;3
1775304277553;17071.7215;11919.5154;0.73;1228.1;1279.1;3
1775304279483;17071.7203;11919.5150;0.79;1226.7;1277.7;3
1775304280947;17071.7190;11919.5141;0.70;1226.2;1277.2;3
1775304283091;17071.7169;11919.5132;0.80;1225.9;1276.9;3
1775304284940;17071.7153;11919.5127;0.61;1225.9;1276.9;3
1775304286533;17071.7142;11919.5121;0.69;1225.8;1276.8;3
1775304288489;17071.7128;11919.5111;0.68;1225.7;1276.7;3
1775304289948;17071.7117;11919.5101;0.70;1225.6;1276.6;3
1775304291455;17071.7105;11919.5090;0.81;1225.5;1276.5;3
1775304292893;17071.7092;11919.5083;0.79;1225.5;1276.5;3
1775304294300;17071.7071;11919.5076;0.82;1225.9;1276.9;3
1775304295861;17071.7055;11919.5072;0.65;1225.2;1276.2;3
1775304297760;17071.7040;11919.5068;0.78;1225.1;1276.1;3
1775304299901;17071.7020;11919.5063;0.81;1225.1;1276.1;3
1775304301933;17071.7002;11919.5059;0.79;1225.5;1276.5;3
1775304303300;17071.6989;11919.5056;0.82;1225.6;1276.6;3
1775304304891;17071.6974;11919.5050;0.84;1225.6;1276.6;3
1775304307096;17071.6954;11919.5055;0.75;1225.7;1276.7;3
1775304309211;17071.6933;11919.5060;0.79;1225.9;1276.9;3
1775304310959;17071.6918;11919.5058;0.63;1225.8;1276.8;3
1775304313001;17071.6899;11919.5058;0.75;1225.7;1276.7;3
1775304314923;17071.6889;11919.5063;0.58;1225.8;1276.8;3
1775304316705;17071.6877;11919.5064;0.51;1225.9;1276.9;3
1775304318112;17071.6881;11919.5071;0.30;1225.5;1276.5;3
1775304319907;17071.6875;11919.5076;0.23;1225.5;1276.5;3
1775304321560;17071.6869;11919.5078;0.22;1225.4;1276.4;3
1775304322934;17071.6865;11919.5079;0.16;1225.5;1276.5;3
1775304325039;17071.6861;11919.5083;0.19;1225.4;1276.4;3
1775304326706;17071.6853;11919.5078;0.14;1225.4;1276.4;3
1775304328363;17071.6849;11919.5076;0.21;1225.4;1276.4;3
1775304330431;17071.6829;11919.5066;0.45;1225.7;1276.7;3
1775304331848;17071.6817;11919.5061;0.58;1225.6;1276.6;3
1775304333206;17071.6798;11919.5050;0.63;1225.8;1276.8;3
1775304334730;17071.6783;11919.5044;0.73;1225.8;1276.8;3
1775304336240;17071.6773;11919.5037;0.64;1225.7;1276.7;3
1775304337817;17071.6759;11919.5031;0.75;1225.6;1276.6;3
1775304339261;17071.6741;11919.5029;0.79;1225.6;1276.6;3
1775304340835;17071.6727;11919.5022;0.78;1225.6;1276.6;3
1775304342342;17071.6717;11919.5015;0.66;1225.0;1276.0;3
1775304343832;17071.6717;11919.5003;0.65;1225.0;1276.0;3
1775304345950;17071.6705;11919.4995;0.57;1225.0;1276.0;3
1775304347464;17071.6695;11919.4991;0.58;1225.1;1276.1;3
1775304349404;17071.6683;11919.4980;0.71;1224.6;1275.6;3
1775304350775;17071.6667;11919.4984;0.63;1224.4;1275.4;3
1775304352547;17071.6653;11919.4978;0.66;1224.3;1275.3;3
1775304354502;17071.6650;11919.4967;0.57;1224.1;1275.1;3
1775304355919;17071.6652;11919.4958;0.53;1223.9;1274.9;3
1775304357515;17071.6644;11919.4952;0.50;1223.4;1274.4;3
1775304358944;17071.6630;11919.4949;0.53;1222.7;1273.7;3
1775304360755;17071.6616;11919.4949;0.52;1222.2;1273.2;3
1775304362299;17071.6601;11919.4951;0.64;1222.2;1273.2;3
1775304363952;17071.6584;11919.4951;0.69;1222.2;1273.2;3
1775304365353;17071.6575;11919.4944;0.68;1222.0;1273.0;3
1775304366742;17071.6563;11919.4940;0.70;1221.9;1272.9;3
1775304368217;17071.6556;11919.4933;0.55;1222.0;1273.0;3
1775304369809;17071.6556;11919.4925;0.56;1221.9;1272.9;3
1775304371304;17071.6554;11919.4921;0.50;1221.8;1272.8;3
1775304373585;17071.6539;11919.4917;0.64;1221.6;1272.6;3
1775304375213;17071.6528;11919.4924;0.48;1221.0;1272.0;3
1775304376923;17071.6516;11919.4924;0.58;1220.8;1271.8;3
1775304379012;17071.6514;11919.4933;0.39;1221.3;1272.3;3
1775304380816;17071.6512;11919.4932;0.28;1221.6;1272.6;3
1775304382413;17071.6509;11919.4930;0.31;1221.6;1272.6;3
1775304384093;17071.6498;11919.4926;0.29;1221.6;1272.6;3
1775304385734;17071.6495;11919.4922;0.29;1221.6;1272.6;3
1775304387275;17071.6484;11919.4912;0.36;1221.5;1272.5;3
1775304388957;17071.6477;11919.4907;0.26;1221.4;1272.4;3
1775304390383;17071.6473;11919.4903;0.33;1221.2;1272.2;3
1775304391801;17071.6468;11919.4898;0.35;1221.1;1272.1;3
1775304393371;17071.6463;11919.4903;0.22;1221.0;1272.0;3
1775304394932;17071.6459;11919.4902;0.18;1220.3;1271.3;3
1775304396931;17071.6458;11919.4898;0.25;1220.0;1271.0;3
1775304398698;17071.6456;11919.4893;0.27;1219.9;1270.9;3
1775304400091;17071.6451;11919.4887;0.39;1219.6;1270.6;3
1775304402578;17071.6435;11919.4875;0.53;1219.0;1270.0;3
1775304406949;17071.6420;11919.4867;0.07;1218.8;1269.8;3
1775304408745;17071.6419;11919.4867;0.09;1218.7;1269.7;3
1775304410290;17071.6411;11919.4868;0.20;1219.0;1270.0;3
1775304411816;17071.6405;11919.4868;0.26;1219.0;1270.0;3
1775304413379;17071.6394;11919.4865;0.23;1219.1;1270.1;3
1775304415198;17071.6387;11919.4865;0.28;1219.1;1270.1;3
1775304416851;17071.6376;11919.4857;0.31;1218.9;1269.9;3
1775304418895;17071.6365;11919.4849;0.23;1218.9;1269.9;3
1775304421058;17071.6360;11919.4848;0.24;1218.9;1269.9;3
1775304423823;17071.6342;11919.4849;0.29;1219.1;1270.1;3
1775304425538;17071.6330;11919.4840;0.28;1218.9;1269.9;3
1775304427950;17071.6325;11919.4835;0.20;1218.9;1269.9;3
1775304429994;17071.6308;11919.4821;0.29;1218.9;1269.9;3
1775304431416;17071.6294;11919.4809;0.52;1218.9;1269.9;3
1775304433602;17071.6284;11919.4795;0.50;1218.5;1269.5;3
1775304435606;17071.6264;11919.4799;0.50;1218.1;1269.1;3
1775304437279;17071.6246;11919.4794;0.48;1218.0;1269.0;3
1775304439122;17071.6239;11919.4783;0.51;1217.9;1268.9;3
1775304442269;17071.6236;11919.4776;0.15;1218.4;1269.4;3
1775304444313;17071.6234;11919.4774;0.09;1218.2;1269.2;3
1775304445961;17071.6237;11919.4766;0.26;1217.9;1268.9;3
1775304447369;17071.6238;11919.4760;0.16;1217.6;1268.6;3
1775304448939;17071.6242;11919.4751;0.13;1217.1;1268.1;3
1775304451959;17071.6249;11919.4737;0.09;1215.8;1266.8;3
1775304454250;17071.6250;11919.4734;0.08;1215.7;1266.7;3
1775304456298;17071.6252;11919.4723;0.08;1215.9;1266.9;3
1775304457831;17071.6252;11919.4720;0.12;1215.8;1266.8;3
1775304459558;17071.6248;11919.4704;0.19;1215.4;1266.4;3
1775304460946;17071.6249;11919.4702;0.17;1215.0;1266.0;3
1775304462319;17071.6247;11919.4689;0.16;1214.7;1265.7;3
1775304463816;17071.6245;11919.4685;0.22;1214.6;1265.6;3
1775304465914;17071.6232;11919.4672;0.39;1214.3;1265.3;3
1775304467735;17071.6219;11919.4666;0.43;1214.1;1265.1;3
1775304469862;17071.6207;11919.4659;0.48;1214.2;1265.2;3
1775304471353;17071.6201;11919.4649;0.59;1214.0;1265.0;3
1775304472981;17071.6205;11919.4640;0.62;1213.6;1264.6;3
1775304474689;17071.6219;11919.4635;0.77;1213.3;1264.3;3
1775304476750;17071.6223;11919.4631;0.52;1213.0;1264.0;3
1775304478702;17071.6233;11919.4620;0.58;1212.5;1263.5;3
1775304480309;17071.6225;11919.4618;0.38;1212.3;1263.3;3
1775304481945;17071.6222;11919.4614;0.27;1211.5;1262.5;3
1775304483362;17071.6219;11919.4608;0.43;1211.2;1262.2;3
1775304484973;17071.6219;11919.4592;0.57;1211.1;1262.1;3
1775304487168;17071.6219;11919.4575;0.51;1210.8;1261.8;3
1775304488748;17071.6207;11919.4563;0.64;1210.6;1261.6;3
1775304490709;17071.6194;11919.4549;0.76;1210.0;1261.0;3
1775304492812;17071.6191;11919.4542;0.53;1209.7;1260.7;3
1775304494201;17071.6192;11919.4535;0.40;1208.7;1259.7;3
1775304495614;17071.6190;11919.4526;0.52;1208.3;1259.3;3
1775304497163;17071.6183;11919.4525;0.35;1208.1;1259.1;3
1775304498716;17071.6177;11919.4516;0.54;1208.0;1259.0;3
1775304500677;17071.6181;11919.4510;0.48;1207.6;1258.6;3
1775304502345;17071.6183;11919.4495;0.76;1207.1;1258.1;3
1775304503874;17071.6178;11919.4485;0.79;1206.6;1257.6;3
1775304505509;17071.6172;11919.4464;1.00;1205.9;1256.9;3
1775304507328;17071.6171;11919.4460;0.71;1205.0;1256.0;3
1775304508857;17071.6164;11919.4446;0.81;1204.2;1255.2;3
1775304510596;17071.6165;11919.4441;0.71;1203.4;1254.4;3
1775304511997;17071.6165;11919.4441;0.54;1203.5;1254.5;3
1775304513696;17071.6164;11919.4433;0.57;1203.3;1254.3;3
1775304515631;17071.6164;11919.4440;0.36;1202.7;1253.7;3
1775304517189;17071.6159;11919.4435;0.49;1202.6;1253.6;3
1775304520774;17071.6161;11919.4429;0.19;1202.0;1253.0;3
1775304522423;17071.6155;11919.4426;0.14;1201.4;1252.4;3
1775304523943;17071.6156;11919.4427;0.14;1201.3;1252.3;3
1775304525552;17071.6146;11919.4416;0.11;1201.2;1252.2;3
1775304527417;17071.6138;11919.4405;0.12;1201.2;1252.2;3
1775304529304;17071.6135;11919.4399;0.20;1200.9;1251.9;3
1775304530732;17071.6131;11919.4388;0.29;1200.3;1251.3;3
1775304532236;17071.6133;11919.4381;0.35;1200.1;1251.1;3
1775304534160;17071.6145;11919.4361;0.62;1200.1;1251.1;3
1775304535721;17071.6154;11919.4354;0.54;1199.8;1250.8;3
1775304538931;17071.6147;11919.4343;0.13;1198.1;1249.1;3
1775304540328;17071.6145;11919.4342;0.10;1198.0;1249.0;3
1775304541943;17071.6143;11919.4341;0.16;1197.9;1248.9;3
1775304543672;17071.6124;11919.4327;0.44;1198.0;1249.0;3
1775304545196;17071.6109;11919.4309;0.49;1198.0;1249.0;3
1775304546876;17071.6100;11919.4297;0.60;1198.0;1249.0;3
1775304548381;17071.6090;11919.4287;0.51;1198.0;1249.0;3
1775304549983;17071.6082;11919.4279;0.53;1197.8;1248.8;3
1775304551673;17071.6077;11919.4277;0.39;1197.3;1248.3;3
1775304553448;17071.6080;11919.4271;0.35;1197.1;1248.1;3
1775304554842;17071.6092;11919.4267;0.33;1197.0;1248.0;3
1775304556899;17071.6093;11919.4260;0.28;1196.6;1247.6;3
1775304558347;17071.6089;11919.4257;0.26;1195.7;1246.7;3
1775304559931;17071.6089;11919.4253;0.23;1195.4;1246.4;3
1775304562492;17071.6093;11919.4248;0.11;1195.1;1246.1;3
1775304564074;17071.6091;11919.4244;0.18;1194.8;1245.8;3
1775304565934;17071.6094;11919.4235;0.21;1194.6;1245.6;3
1775304567705;17071.6098;11919.4225;0.38;1194.3;1245.3;3
1775304569659;17071.6094;11919.4212;0.30;1194.2;1245.2;3
1775304571562;17071.6087;11919.4204;0.43;1193.9;1244.9;3
1775304572935;17071.6076;11919.4202;0.45;1193.6;1244.6;3
1775304574922;17071.6064;11919.4201;0.44;1193.6;1244.6;3
1775304576454;17071.6055;11919.4201;0.54;1193.7;1244.7;3
1775304577926;17071.6052;11919.4196;0.35;1193.7;1244.7;3
1775304579703;17071.6052;11919.4190;0.36;1193.7;1244.7;3
1775304581588;17071.6051;11919.4191;0.11;1193.9;1244.9;3
1775304583469;17071.6052;11919.4193;0.14;1193.9;1244.9;3
1775304585396;17071.6051;11919.4190;0.18;1194.0;1245.0;3
1775304586964;17071.6048;11919.4187;0.15;1193.5;1244.5;3
1775304588309;17071.6045;11919.4185;0.17;1193.5;1244.5;3
1775304589951;17071.6043;11919.4180;0.25;1193.8;1244.8;3
1775304591637;17071.6041;11919.4173;0.31;1193.7;1244.7;3
1775304593608;17071.6051;11919.4154;0.49;1193.2;1244.2;3
1775304595375;17071.6056;11919.4147;0.38;1192.9;1243.9;3
1775304597089;17071.6066;11919.4136;0.32;1191.3;1242.3;3
1775304598493;17071.6065;11919.4135;0.14;1191.1;1242.1;3
1775304600533;17071.6055;11919.4130;0.23;1190.8;1241.8;3
1775304601920;17071.6049;11919.4126;0.34;1190.7;1241.7;3
1775304603827;17071.6028;11919.4112;0.55;1191.0;1242.0;3
1775304605229;17071.6023;11919.4106;0.37;1191.6;1242.6;3
1775304607066;17071.6013;11919.4093;0.64;1191.5;1242.5;3
1775304609243;17071.6001;11919.4096;0.61;1191.4;1242.4;3
1775304610850;17071.5992;11919.4089;0.55;1191.0;1242.0;3
1775304612492;17071.5985;11919.4082;0.57;1190.9;1241.9;3
1775304613906;17071.5975;11919.4074;0.57;1190.8;1241.8;3
1775304615428;17071.5965;11919.4070;0.58;1190.7;1241.7;3
1775304616931;17071.5949;11919.4074;0.61;1190.4;1241.4;3
1775304618747;17071.5932;11919.4072;0.57;1190.3;1241.3;3
1775304620378;17071.5916;11919.4060;0.63;1190.3;1241.3;3
1775304621804;17071.5907;11919.4051;0.63;1190.3;1241.3;3
1775304623883;17071.5903;11919.4040;0.50;1190.4;1241.4;3
1775304625976;17071.5888;11919.4039;0.23;1190.5;1241.5;3
1775304627935;17071.5884;11919.4043;0.20;1190.5;1241.5;3
1775304629725;17071.5872;11919.4040;0.19;1190.1;1241.1;3
1775304631521;17071.5868;11919.4042;0.19;1190.1;1241.1;3
1775304633392;17071.5850;11919.4041;0.22;1190.2;1241.2;3
1775304634974;17071.5833;11919.4032;0.32;1190.5;1241.5;3
1775304636631;17071.5826;11919.4030;0.27;1190.5;1241.5;3
1775304638222;17071.5812;11919.4024;0.34;1191.0;1242.0;3
1775304640075;17071.5804;11919.4027;0.36;1191.0;1242.0;3
1775304641851;17071.5778;11919.4020;0.66;1191.1;1242.1;3
1775304643401;17071.5763;11919.4017;0.65;1191.2;1242.2;3
1775304644948;17071.5743;11919.4006;0.50;1191.5;1242.5;3
1775304646413;17071.5733;11919.4004;0.45;1191.5;1242.5;3
1775304648010;17071.5719;11919.3993;0.44;1191.6;1242.6;3
1775304649773;17071.5704;11919.3988;0.61;1191.6;1242.6;3
1775304651177;17071.5682;11919.3990;0.70;1191.0;1242.0;3
1775304652677;17071.5664;11919.3991;0.86;1191.0;1242.0;3
1775304654471;17071.5648;11919.3984;0.83;1191.0;1242.0;3
1775304655933;17071.5634;11919.3981;0.67;1191.1;1242.1;3
1775304657735;17071.5619;11919.3980;0.76;1191.1;1242.1;3
1775304659122;17071.5608;11919.3979;0.58;1191.2;1242.2;3
1775304660615;17071.5597;11919.3978;0.77;1191.2;1242.2;3
1775304662416;17071.5585;11919.3982;0.71;1191.2;1242.2;3
1775304663859;17071.5572;11919.3987;0.79;1191.2;1242.2;3
1775304665339;17071.5563;11919.3984;0.68;1191.3;1242.3;3
1775304667044;17071.5550;11919.3975;0.77;1191.4;1242.4;3
1775304668444;17071.5547;11919.3964;0.72;1191.5;1242.5;3
1775304669835;17071.5539;11919.3957;0.67;1191.6;1242.6;3
1775304671653;17071.5531;11919.3961;0.40;1190.8;1241.8;3
1775304673499;17071.5522;11919.3957;0.45;1190.7;1241.7;3
1775304675449;17071.5510;11919.3960;0.39;1190.7;1241.7;3
1775304676949;17071.5502;11919.3962;0.39;1190.7;1241.7;3
1775304678701;17071.5489;11919.3961;0.61;1190.7;1241.7;3
1775304680166;17071.5476;11919.3956;0.56;1191.0;1242.0;3
1775304682694;17071.5448;11919.3948;0.90;1191.0;1242.0;3
1775304684501;17071.5431;11919.3947;0.85;1190.1;1241.1;3
1775304685981;17071.5417;11919.3945;0.67;1190.0;1241.0;3
1775304687321;17071.5403;11919.3945;0.83;1191.1;1242.1;3
1775304688932;17071.5388;11919.3943;0.62;1190.6;1241.6;3
1775304690420;17071.5374;11919.3937;0.80;1190.6;1241.6;3
1775304691845;17071.5363;11919.3930;0.62;1190.5;1241.5;3
1775304693336;17071.5351;11919.3922;0.94;1190.5;1241.5;3
1775304694960;17071.5338;11919.3918;0.72;1190.6;1241.6;3
1775304696306;17071.5328;11919.3911;0.95;1190.4;1241.4;3
1775304697821;17071.5314;11919.3895;1.05;1190.2;1241.2;3
1775304699403;17071.5311;11919.3887;1.03;1188.9;1239.9;3
1775304700913;17071.5295;11919.3869;1.15;1188.3;1239.3;3
1775304702312;17071.5276;11919.3878;1.08;1188.0;1239.0;3
1775304703900;17071.5253;11919.3875;1.12;1187.5;1238.5;3
1775304705814;17071.5232;11919.3884;1.00;1187.5;1238.5;3
1775304707197;17071.5228;11919.3878;0.79;1187.3;1238.3;3
1775304708852;17071.5221;11919.3860;0.98;1187.1;1238.1;3
1775304710655;17071.5218;11919.3848;0.92;1186.5;1237.5;3
1775304712411;17071.5217;11919.3824;1.10;1185.6;1236.6;3
1775304713891;17071.5215;11919.3825;0.91;1185.9;1236.9;3
1775304715345;17071.5217;11919.3807;0.97;1185.9;1236.9;3
1775304716823;17071.5223;11919.3805;0.89;1185.7;1236.7;3
1775304718598;17071.5235;11919.3787;1.07;1184.7;1235.7;3
1775304720312;17071.5250;11919.3784;1.08;1184.4;1235.4;3
1775304721950;17071.5265;11919.3766;1.13;1183.8;1234.8;3
1775304723305;17071.5269;11919.3762;1.08;1183.6;1234.6;3
1775304724889;17071.5278;11919.3752;0.83;1183.3;1234.3;3
1775305778099;17071.6062;11918.6203;0.45;1050.3;1101.3;8
1775305779834;17071.6099;11918.6215;1.30;1050.5;1101.5;8
1775305781848;17071.6091;11918.6224;0.95;1050.5;1101.5;6
1775305784320;17071.6089;11918.6229;0.94;1050.4;1101.4;6
1775305785950;17071.6066;11918.6272;1.21;1050.8;1101.8;4
1775305787445;17071.6056;11918.6280;1.07;1050.8;1101.8;5
1775305789514;17071.6032;11918.6336;0.94;1050.2;1101.2;4
1775305791030;17071.6033;11918.6364;1.13;1050.1;1101.1;3
1775305792739;17071.6045;11918.6386;1.01;1050.0;1101.0;3
1775305794500;17071.6083;11918.6398;0.77;1049.3;1100.3;3
1775305796024;17071.6093;11918.6408;0.63;1048.9;1099.9;3
1775305797597;17071.6091;11918.6395;0.21;1048.4;1099.4;3
1775305799841;17071.6089;11918.6379;0.07;1048.5;1099.5;3
1775305802731;17071.6084;11918.6363;0.05;1048.1;1099.1;3
1775305805748;17071.6083;11918.6354;0.05;1048.2;1099.2;3
1775305808762;17071.6084;11918.6350;0.06;1048.2;1099.2;3
1775305811824;17071.6085;11918.6348;0.06;1048.2;1099.2;3
1775305814863;17071.6087;11918.6348;0.06;1048.2;1099.2;3
1775305816623;17071.6088;11918.6348;0.04;1048.1;1099.1;3
1775305818737;17071.6095;11918.6353;0.11;1047.9;1098.9;3
1775305820824;17071.6096;11918.6356;0.11;1048.2;1099.2;3
1775305823759;17071.6098;11918.6371;0.05;1047.8;1098.8;3
1775305826821;17071.6096;11918.6380;0.10;1047.9;1098.9;3
1775305828499;17071.6096;11918.6382;0.07;1047.7;1098.7;3
1775305940046;17071.5695;11918.7756;1.17;1036.2;1087.2;10
1775305942838;17071.5718;11918.7788;0.91;1035.8;1086.8;9
1775306622968;17071.0723;11919.0116;0.10;1014.0;1065.0;8
1775306623169;17071.0723;11919.0116;0.10;1014.0;1065.0;8
1775306624417;17071.0726;11919.0125;0.54;1008.5;1059.5;8
1775306626671;17071.0732;11919.0129;0.57;1007.9;1058.9;6
1775306629675;17071.0711;11919.0114;0.72;1007.7;1058.7;4
1775306631440;17071.0711;11919.0111;1.13;1007.7;1058.7;5
1775306632848;17071.0701;11919.0124;0.65;1007.5;1058.5;4
1775306634525;17071.0683;11919.0135;1.02;1007.4;1058.4;4
1775306636010;17071.0665;11919.0131;0.91;1006.8;1057.8;4
1775306637566;17071.0647;11919.0121;1.07;1006.8;1057.8;3
1775306639115;17071.0624;11919.0113;1.04;1006.0;1057.0;3
1775306640616;17071.0602;11919.0110;1.15;1005.9;1056.9;3
1775306887132;17071.0274;11919.1536;0.09;949.2;1000.2;14
1775306888663;17071.0355;11919.1462;0.23;949.3;1000.3;12
1775306890643;17071.0340;11919.1338;0.01;949.3;1000.3;10
1775306960653;17070.9967;11919.2418;0.88;915.6;966.6;8
1775306963753;17070.9969;11919.2391;0.22;915.7;966.7;6
1775307026650;17070.9766;11919.2844;0.24;895.1;946.1;9
1775307029644;17070.9721;11919.2854;0.22;895.0;946.0;7
1775307032735;17070.9715;11919.2853;0.02;895.0;946.0;7
1775307035461;17070.9712;11919.2853;0.05;894.9;945.9;9
1775307037160;17070.9702;11919.2853;0.20;895.0;946.0;7
1775307038705;17070.9681;11919.2864;0.32;894.8;945.8;6
1775307218172;17070.9943;11919.2548;0.33;845.7;896.7;10
1775307220638;17070.9017;11919.3581;0.17;845.7;896.7;8
1775307223718;17070.8948;11919.3659;0.17;845.6;896.6;4
1775307225376;17070.8939;11919.3672;0.86;845.6;896.6;5
1775307229630;17070.8946;11919.3676;0.02;842.7;893.7;5
1775307232325;17070.8946;11919.3677;0.10;842.5;893.5;3
1775307234198;17070.8949;11919.3674;0.08;842.2;893.2;3
1775307235701;17070.8941;11919.3682;0.08;842.2;893.2;3
1775307237372;17070.8932;11919.3692;0.14;842.0;893.0;3
1775307238895;17070.8912;11919.3719;0.74;841.5;892.5;3
1775307240767;17070.8893;11919.3746;0.94;841.2;892.2;3
1775307242293;17070.8885;11919.3764;0.53;840.5;891.5;3
1775307244345;17070.8878;11919.3766;0.47;839.6;890.6;3
1775307247651;17070.8885;11919.3774;0.03;836.8;887.8;3
1775307250705;17070.8887;11919.3778;0.05;836.6;887.6;3
1775307253698;17070.8887;11919.3779;0.02;836.6;887.6;3
1775307256727;17070.8887;11919.3778;0.05;836.7;887.7;3
1775307258012;17070.8887;11919.3778;0.07;836.7;887.7;3
1775307259677;17070.8886;11919.3780;0.02;836.9;887.9;3
1775307262731;17070.8885;11919.3781;0.02;837.0;888.0;3
1775307264746;17070.8885;11919.3781;0.06;837.0;888.0;3
1775307268762;17070.8881;11919.3782;0.18;837.0;888.0;3
1775307270303;17070.8878;11919.3783;0.18;836.9;887.9;3
1775307271689;17070.8873;11919.3781;0.24;836.8;887.8;3
1775307273221;17070.8870;11919.3778;0.27;836.7;887.7;3
1775307274671;17070.8857;11919.3766;0.74;836.5;887.5;3
1775307276638;17070.8834;11919.3745;0.99;836.4;887.4;3
1775307278138;17070.8816;11919.3733;0.96;836.2;887.2;3
1775307280304;17070.8793;11919.3711;1.11;835.4;886.4;3
1775307282165;17070.8774;11919.3729;1.00;834.7;885.7;3
1775307283671;17070.8773;11919.3753;1.16;834.5;885.5;3
1775307285077;17070.8787;11919.3760;0.77;834.0;885.0;3
1775307286672;17070.8781;11919.3776;0.72;833.3;884.3;3
1775307413699;17070.9814;11919.2574;0.87;791.7;842.7;8
1775307416693;17070.8128;11919.3714;0.17;791.6;842.6;6
1775307419655;17070.7921;11919.3851;1.61;791.4;842.4;5
1775307422714;17070.7932;11919.3853;0.00;791.5;842.5;5
1775307424557;17070.7935;11919.3852;0.01;791.5;842.5;5
1775307426332;17070.7945;11919.3848;0.01;791.6;842.6;5
1775307428321;17070.7946;11919.3848;0.01;791.5;842.5;4
1775307431696;17070.7964;11919.3843;0.19;791.5;842.5;4
1775307433229;17070.7965;11919.3843;0.20;791.5;842.5;3
1775307434707;17070.7972;11919.3842;0.06;791.4;842.4;3
1775307437709;17070.7974;11919.3842;0.05;791.5;842.5;3
1775307439988;17070.7974;11919.3842;0.05;791.5;842.5;3
1775307442493;17070.7976;11919.3842;0.05;791.5;842.5;3
1775307444256;17070.7977;11919.3846;0.20;791.3;842.3;3
1775307446594;17070.7978;11919.3846;0.17;791.3;842.3;3
1775307448903;17070.7986;11919.3842;0.12;791.2;842.2;3
1775307450513;17070.7988;11919.3840;0.07;791.2;842.2;3
1775307452590;17070.7988;11919.3840;0.09;791.1;842.1;3
1775307657703;17070.9211;11919.3525;0.02;750.1;801.1;10
1775307660675;17070.7927;11919.4258;0.02;749.9;800.9;10
1775307663645;17070.7377;11919.4535;2.56;750.0;801.0;9
1775307666697;17070.7325;11919.4556;0.16;749.9;800.9;7
1775307668281;17070.7325;11919.4556;0.29;749.9;800.9;5
1775307669691;17070.7315;11919.4553;0.20;749.9;800.9;5
1775307671395;17070.7306;11919.4550;0.21;749.8;800.8;4
1775307672835;17070.7304;11919.4542;0.28;749.9;800.9;4
1775307674651;17070.7304;11919.4537;0.27;749.9;800.9;3
1775307676045;17070.7315;11919.4525;0.40;749.9;800.9;3
1775307677526;17070.7320;11919.4514;0.56;749.8;800.8;3
1775307679261;17070.7298;11919.4486;1.07;749.5;800.5;3
1775307680736;17070.7275;11919.4485;1.11;749.1;800.1;3
1775307682465;17070.7247;11919.4489;1.18;748.6;799.6;3
1775307683886;17070.7224;11919.4493;1.24;748.0;799.0;3
1775307685614;17070.7208;11919.4488;1.00;747.6;798.6;3
1775307687381;17070.7185;11919.4484;1.06;747.2;798.2;3
1775307688876;17070.7175;11919.4472;0.96;747.0;798.0;3
1775307690394;17070.7157;11919.4455;1.12;746.6;797.6;3
1775307691799;17070.7142;11919.4447;0.90;746.5;797.5;3
1775307693467;17070.7116;11919.4440;1.19;746.2;797.2;3
1775307694886;17070.7100;11919.4437;1.03;745.7;796.7;3
1775307696518;17070.7075;11919.4429;1.21;745.5;796.5;3
1775307698191;17070.7063;11919.4423;1.13;744.8;795.8;3
1775307699594;17070.7051;11919.4419;0.91;744.6;795.6;3
1775307701373;17070.7034;11919.4414;1.11;744.1;795.1;3
1775307703041;17070.7017;11919.4409;1.00;744.0;795.0;3
1775307704625;17070.6992;11919.4408;1.08;743.7;794.7;3
1775307706398;17070.6983;11919.4418;0.91;743.2;794.2;3
1775307708418;17070.6961;11919.4429;0.97;743.0;794.0;3
1775307710622;17070.6947;11919.4442;0.99;744.4;795.4;3
1775307712395;17070.6925;11919.4453;0.93;742.7;793.7;3
1775307713987;17070.6904;11919.4463;1.10;742.8;793.8;3
1775307715661;17070.6881;11919.4478;0.95;743.1;794.1;3
1775307717169;17070.6861;11919.4487;1.09;743.2;794.2;3
1775307718988;17070.6838;11919.4502;1.12;744.4;795.4;3
1775307720652;17070.6815;11919.4504;0.89;744.6;795.6;3
1775307722293;17070.6792;11919.4506;1.07;744.6;795.6;3
1775307723943;17070.6769;11919.4509;0.93;746.5;797.5;3
1775307725655;17070.6746;11919.4509;1.08;746.5;797.5;3
1775307728157;17070.6709;11919.4514;1.18;745.6;796.6;3
1775307729679;17070.6686;11919.4523;0.92;745.4;796.4;3
1775307731503;17070.6663;11919.4531;1.07;745.3;796.3;3
1775307733168;17070.6641;11919.4535;1.03;745.5;796.5;3
1775307734809;17070.6619;11919.4535;1.10;745.5;796.5;3
1775307736429;17070.6598;11919.4531;1.11;746.2;797.2;3
1775307738012;17070.6575;11919.4525;1.20;746.1;797.1;3
1775307739648;17070.6558;11919.4519;1.07;746.6;797.6;3
1775307741239;17070.6537;11919.4510;1.19;746.4;797.4;3
1775307742771;17070.6521;11919.4498;1.13;746.6;797.6;3
1775307744423;17070.6503;11919.4481;1.17;746.4;797.4;3
1775307746152;17070.6490;11919.4468;1.10;747.1;798.1;3
1775307747690;17070.6480;11919.4466;0.85;745.1;796.1;3
1775307749536;17070.6464;11919.4455;0.98;744.4;795.4;3
1775307751009;17070.6453;11919.4454;0.77;745.5;796.5;3
1775307775110;17070.6460;11919.4468;0.05;744.0;795.0;37
1775307776094;17070.6196;11919.4568;0.66;743.6;794.6;26
1775307778612;17070.6193;11919.4555;0.05;744.3;795.3;20
1775308056180;17070.4671;11919.4066;0.13;696.9;747.9;8
1775308057594;17070.4550;11919.3838;0.08;696.5;747.5;8
1775308059642;17070.4497;11919.3775;0.10;696.5;747.5;7
1775308062360;17070.4491;11919.3764;0.14;696.5;747.5;10
1775308064191;17070.4494;11919.3688;0.97;696.9;747.9;8
1775308065642;17070.4480;11919.3666;0.96;696.8;747.8;6
1775308067251;17070.4462;11919.3646;1.00;696.5;747.5;5
1775308068677;17070.4448;11919.3634;0.92;696.6;747.6;4
1775308070000;17070.4431;11919.3625;1.05;696.2;747.2;3
1775308071685;17070.4417;11919.3608;1.15;694.8;745.8;3
1775308074007;17070.4384;11919.3607;1.07;694.3;745.3;3
1775308075665;17070.4370;11919.3620;0.89;694.4;745.4;3
1775308077384;17070.4347;11919.3618;1.03;694.0;745.0;3
1775308078894;17070.4342;11919.3620;0.75;693.9;744.9;3
1775308080406;17070.4325;11919.3608;0.98;693.8;744.8;3
1775308081975;17070.4331;11919.3594;0.80;693.8;744.8;3
1775308276564;17070.4331;11919.3531;1.41;652.7;703.7;12
1775308279608;17070.3794;11919.2802;0.35;652.8;703.8;9
1775308282605;17070.3740;11919.2746;1.39;653.7;704.7;6
1775308285629;17070.3734;11919.2738;0.00;652.8;703.8;5
1775308288560;17070.3735;11919.2739;0.01;653.5;704.5;3
1775308290748;17070.3735;11919.2740;0.01;653.7;704.7;3
1775308292385;17070.3731;11919.2740;0.29;653.2;704.2;3
1775308381605;17070.4248;11919.3461;0.26;633.2;684.2;15
1775308384668;17070.3573;11919.2595;0.84;633.0;684.0;10
1775308387546;17070.3499;11919.2528;0.54;635.8;686.8;3
1775308389255;17070.3490;11919.2520;0.51;635.8;686.8;5
1775308391894;17070.3472;11919.2539;0.83;632.5;683.5;5
1775308393562;17070.3479;11919.2551;0.58;634.7;685.7;5
1775308513373;17070.3817;11919.3042;0.09;601.3;652.3;16
1775308516644;17070.2872;11919.1967;0.10;600.5;651.5;11
1775308519620;17070.2825;11919.1913;0.00;601.5;652.5;19
1775308521564;17070.2814;11919.1901;0.02;601.5;652.5;16
1775308648543;17070.3606;11919.2781;0.29;569.2;620.2;13
1775308651537;17070.1583;11919.1584;0.59;568.3;619.3;9
1775308654527;17070.1455;11919.1542;0.65;568.7;619.7;6
1775308656111;17070.1425;11919.1534;1.02;568.7;619.7;6
1775308657614;17070.1404;11919.1556;0.58;568.1;619.1;6
1775308659901;17070.1383;11919.1567;0.90;567.9;618.9;5
1775308661386;17070.1370;11919.1566;0.74;567.4;618.4;4
1775308662935;17070.1345;11919.1566;1.04;566.6;617.6;4
1775308664751;17070.1332;11919.1574;0.69;565.9;616.9;4
1775308666630;17070.1312;11919.1585;0.84;566.4;617.4;4
1775308668387;17070.1293;11919.1598;0.98;566.3;617.3;3
1775308670091;17070.1272;11919.1606;0.82;564.5;615.5;3
1775308671576;17070.1256;11919.1608;0.97;564.1;615.1;3
1775308673571;17070.1233;11919.1607;0.92;564.0;615.0;3
1775308675294;17070.1209;11919.1616;1.11;563.4;614.4;3
1775308676779;17070.1193;11919.1615;0.97;562.6;613.6;3
1775308678494;17070.1170;11919.1619;1.08;562.3;613.3;3
1775308679962;17070.1167;11919.1615;1.07;562.8;613.8;3
1775308681446;17070.1146;11919.1620;1.15;562.6;613.6;3
1775308683011;17070.1133;11919.1623;1.11;559.8;610.8;3
1775308684597;17070.1108;11919.1631;1.18;559.7;610.7;3
1775308686074;17070.1105;11919.1635;1.08;560.6;611.6;3
1775308687478;17070.1086;11919.1643;1.17;560.3;611.3;3
1775308689310;17070.1073;11919.1653;1.08;558.3;609.3;3
1775308691029;17070.1054;11919.1662;1.03;557.5;608.5;3
1775308692522;17070.1035;11919.1671;1.12;556.8;607.8;3
1775308694060;17070.1020;11919.1679;1.00;556.5;607.5;3
1775308695634;17070.1003;11919.1689;1.09;555.9;606.9;3
1775308697157;17070.0994;11919.1703;0.91;555.3;606.3;3
1775308930527;17069.9330;11919.2620;0.43;520.8;571.8;17
1775308932523;17069.9274;11919.2516;0.65;520.3;571.3;13
1775308934589;17069.9276;11919.2545;0.56;521.8;572.8;10
1775308937238;17069.9279;11919.2551;0.70;521.7;572.7;7
1775308939224;17069.9296;11919.2544;0.29;521.0;572.0;5
1775308940619;17069.9314;11919.2532;0.15;519.9;570.9;5
1775308943328;17069.9319;11919.2526;0.13;519.8;570.8;4
1775308946520;17069.9328;11919.2516;0.08;519.7;570.7;3
1775308948339;17069.9329;11919.2515;0.08;519.6;570.6;3
1775308950120;17069.9331;11919.2507;0.09;519.2;570.2;3
1775308952636;17069.9333;11919.2501;0.07;519.8;570.8;3
1775308955607;17069.9334;11919.2498;0.05;519.5;570.5;3
1775308958614;17069.9334;11919.2490;0.12;519.1;570.1;3
1775308961616;17069.9334;11919.2487;0.06;519.4;570.4;3
1775308963617;17069.9334;11919.2487;0.06;519.4;570.4;3
1775308967625;17069.9333;11919.2485;0.04;520.0;571.0;3
1775308970462;17069.9333;11919.2485;0.04;520.0;571.0;3
1775308972036;17069.9333;11919.2485;0.04;519.5;570.5;3
1775308973509;17069.9333;11919.2486;0.04;520.0;571.0;3
1775308976348;17069.9333;11919.2486;0.04;520.0;571.0;3
1775308979618;17069.9334;11919.2485;0.20;519.4;570.4;3
1775308981007;17069.9335;11919.2484;0.21;519.5;570.5;3
1775308982451;17069.9335;11919.2483;0.18;519.5;570.5;3
1775308984000;17069.9331;11919.2485;0.17;519.2;570.2;3
1775308985405;17069.9332;11919.2485;0.16;519.2;570.2;3
1775308988505;17069.9346;11919.2504;0.06;519.8;570.8;3
1775308990664;17069.9346;11919.2505;0.08;519.8;570.8;3
1775308992449;17069.9346;11919.2505;0.10;519.4;570.4;3
1775308994355;17069.9347;11919.2506;0.09;519.4;570.4;3
1775308995963;17069.9357;11919.2496;0.20;520.0;571.0;3
1775308997483;17069.9360;11919.2493;0.36;519.9;570.9;3
1775308998950;17069.9369;11919.2466;0.73;518.9;569.9;3
1775309000638;17069.9379;11919.2447;0.82;518.7;569.7;3
1775309002420;17069.9390;11919.2425;0.95;518.6;569.6;3
1775309004105;17069.9404;11919.2414;0.82;518.2;569.2;3
1775309005979;17069.9418;11919.2399;0.85;518.2;569.2;3
1775309007780;17069.9439;11919.2395;0.85;518.1;569.1;3
1775309009504;17069.9460;11919.2388;0.92;518.0;569.0;3
1775309011036;17069.9476;11919.2379;0.88;518.0;569.0;3
1775309012349;17069.9503;11919.2375;0.92;518.0;569.0;3
1775309015141;17069.9531;11919.2362;0.67;518.0;569.0;3
1775309017379;17069.9541;11919.2348;0.35;518.2;569.2;3
1775309019100;17069.9555;11919.2342;0.36;518.4;569.4;3
1775309020545;17069.9562;11919.2339;0.37;518.4;569.4;3
1775309022054;17069.9566;11919.2343;0.14;518.4;569.4;3
1775309023442;17069.9569;11919.2343;0.23;518.4;569.4;3
1775309025378;17069.9592;11919.2344;0.41;518.3;569.3;3
1775309027296;17069.9605;11919.2341;0.47;518.2;569.2;3
1775309028899;17069.9628;11919.2333;0.59;518.1;569.1;3
1775309030551;17069.9641;11919.2326;0.68;518.0;569.0;3
1775309031969;17069.9655;11919.2319;0.65;517.9;568.9;3
1775309033606;17069.9670;11919.2314;0.35;517.8;568.8;3
1775309035070;17069.9675;11919.2315;0.22;517.7;568.7;3
1775309036533;17069.9681;11919.2316;0.30;517.6;568.6;3
1775309038195;17069.9704;11919.2313;0.52;517.6;568.6;3
1775309039932;17069.9726;11919.2311;0.69;517.5;568.5;3
1775309041323;17069.9737;11919.2308;0.63;517.5;568.5;3
1775309042683;17069.9743;11919.2310;0.56;517.4;568.4;3
1775309044332;17069.9759;11919.2308;0.76;517.4;568.4;3
1775309046084;17069.9774;11919.2303;0.84;517.3;568.3;3
1775309047625;17069.9790;11919.2297;0.94;517.2;568.2;3
1775309049202;17069.9798;11919.2305;0.87;516.9;567.9;3
1775309050991;17069.9821;11919.2311;1.02;515.9;566.9;3
1775309053579;17069.9831;11919.2298;0.76;515.6;566.6;3
1775309055718;17069.9813;11919.2297;0.15;514.9;565.9;3
1775309057197;17069.9811;11919.2296;0.16;514.9;565.9;3
1775309058975;17069.9794;11919.2296;0.19;515.3;566.3;3
1775309060547;17069.9786;11919.2301;0.22;515.3;566.3;3
1775309062482;17069.9775;11919.2305;0.38;515.3;566.3;3
1775309063974;17069.9768;11919.2312;0.38;514.4;565.4;3
1775309065781;17069.9754;11919.2321;0.65;514.6;565.6;3
1775309067256;17069.9747;11919.2334;0.60;515.4;566.4;3
1775309068784;17069.9735;11919.2342;0.79;515.6;566.6;3
1775309070594;17069.9722;11919.2349;0.80;515.3;566.3;3
1775309072120;17069.9706;11919.2355;0.95;515.4;566.4;3
1775309073908;17069.9684;11919.2358;0.97;516.6;567.6;3
1775309075565;17069.9661;11919.2362;1.09;516.3;567.3;3
1775309077366;17069.9634;11919.2368;1.12;516.4;567.4;3
1775309078934;17069.9616;11919.2375;1.05;516.2;567.2;3
1775309080351;17069.9593;11919.2385;1.02;516.3;567.3;3
1775309081718;17069.9578;11919.2395;0.88;517.2;568.2;3
1775309083802;17069.9558;11919.2408;0.87;517.4;568.4;3
1775309085282;17069.9547;11919.2426;0.83;514.7;565.7;3
1775309086839;17069.9532;11919.2439;0.87;514.8;565.8;3
1775309088256;17069.9515;11919.2442;0.86;517.7;568.7;3
1775309089976;17069.9491;11919.2444;0.99;515.4;566.4;3
1775309091547;17069.9471;11919.2434;1.04;515.2;566.2;3
1775309092960;17069.9444;11919.2438;1.29;515.2;566.2;3
1775309094588;17069.9428;11919.2444;1.21;514.8;565.8;3
1775309096402;17069.9407;11919.2458;1.17;517.4;568.4;3
1775309098011;17069.9397;11919.2465;1.03;515.0;566.0;3
1775309099613;17069.9379;11919.2480;0.91;514.1;565.1;3
1775309100968;17069.9370;11919.2489;1.05;514.1;565.1;3
1775309102614;17069.9355;11919.2504;0.91;515.0;566.0;3
1775309105020;17069.9332;11919.2522;0.96;514.5;565.5;3
1775309106535;17069.9318;11919.2542;0.86;514.5;565.5;3
1775309108209;17069.9305;11919.2549;0.86;514.9;565.9;3
1775309109936;17069.9291;11919.2560;0.97;514.9;565.9;3
1775309111378;17069.9272;11919.2564;1.04;514.7;565.7;3
1775309112760;17069.9258;11919.2578;1.06;515.2;566.2;3
1775309114582;17069.9233;11919.2586;1.10;515.2;566.2;3
1775309116441;17069.9216;11919.2601;1.02;515.0;566.0;3
1775309118053;17069.9197;11919.2608;1.00;514.6;565.6;3
1775309119682;17069.9176;11919.2610;1.05;514.5;565.5;3
1775309121347;17069.9160;11919.2616;1.01;514.5;565.5;3
1775309122734;17069.9143;11919.2622;1.03;514.4;565.4;3
1775309124414;17069.9120;11919.2615;1.07;514.3;565.3;3
1775309126048;17069.9097;11919.2618;1.13;514.0;565.0;3
1775309127571;17069.9074;11919.2615;1.11;514.2;565.2;3
1775309129027;17069.9050;11919.2618;1.23;513.9;564.9;3
1775309130752;17069.9029;11919.2611;1.11;513.2;564.2;3
1775309132212;17069.9007;11919.2610;1.12;513.1;564.1;3
1775309134398;17069.8977;11919.2614;1.09;512.9;563.9;3
1775309136218;17069.8957;11919.2620;1.02;512.0;563.0;3
1775309137775;17069.8934;11919.2622;1.10;513.1;564.1;3
1775309139877;17069.8907;11919.2628;1.08;512.8;563.8;3
1775309141598;17069.8890;11919.2634;0.73;512.5;563.5;3
1775309143244;17069.8879;11919.2643;0.85;512.6;563.6;3
1775309145198;17069.8854;11919.2640;0.90;512.3;563.3;3
1775309146823;17069.8833;11919.2633;0.99;512.4;563.4;3
1775309148867;17069.8797;11919.2623;1.04;512.8;563.8;3
1775309150639;17069.8769;11919.2623;1.06;513.5;564.5;3
1775309152499;17069.8738;11919.2629;1.13;513.6;564.6;3
1775309153881;17069.8713;11919.2634;1.15;513.7;564.7;3
1775309155901;17069.8675;11919.2640;1.15;513.9;564.9;3
1775309157599;17069.8644;11919.2645;1.13;513.4;564.4;3
1775309159312;17069.8619;11919.2652;1.13;513.5;564.5;3
1775309160760;17069.8600;11919.2660;1.15;514.1;565.1;3
1775309162279;17069.8574;11919.2674;1.19;514.1;565.1;3
1775309163771;17069.8557;11919.2694;1.21;513.9;564.9;3
1775309165245;17069.8540;11919.2711;1.23;513.8;564.8;3
1775309166873;17069.8529;11919.2736;1.20;513.7;564.7;3
1775309168435;17069.8518;11919.2757;1.19;513.4;564.4;3
1775309169976;17069.8516;11919.2777;1.11;512.4;563.4;3
1775309171468;17069.8505;11919.2796;1.15;512.1;563.1;3
1775309172883;17069.8497;11919.2805;1.15;511.7;562.7;3
1775309174592;17069.8476;11919.2828;1.04;512.5;563.5;3
1775309176161;17069.8461;11919.2843;1.19;512.2;563.2;3
1775309177821;17069.8449;11919.2858;1.11;511.8;562.8;3
1775309179656;17069.8437;11919.2880;1.13;511.3;562.3;3
1775309181068;17069.8431;11919.2880;0.84;511.0;562.0;3
1775309182848;17069.8411;11919.2895;1.10;510.8;561.8;3
1775309184212;17069.8398;11919.2901;1.07;510.5;561.5;3
1775309186482;17069.8376;11919.2922;1.15;510.3;561.3;3
1775309188269;17069.8366;11919.2914;0.85;510.3;561.3;3
1775309190823;17069.8377;11919.2914;0.15;510.0;561.0;3
1775309228399;17069.8281;11919.3091;0.30;510.1;561.1;17
1775309231586;17069.8307;11919.3024;0.72;510.2;561.2;11
1775309234588;17069.8301;11919.3012;0.29;510.3;561.3;19
1775309236165;17069.8299;11919.3007;0.70;510.3;561.3;11
1775309237637;17069.8291;11919.3008;0.86;510.2;561.2;4
1775309239132;17069.8266;11919.3046;1.00;510.2;561.2;4
1775309240596;17069.8249;11919.3054;0.76;510.3;561.3;4
1775309242048;17069.8233;11919.3060;0.80;510.3;561.3;3
1775309243478;17069.8222;11919.3067;0.78;510.3;561.3;3
1775309298242;17069.7556;11919.3178;0.15;505.7;556.7;13
1775309300505;17069.7471;11919.2965;0.07;505.7;556.7;10
1775309303575;17069.7475;11919.2966;0.56;505.3;556.3;6
1775309306106;17069.7470;11919.2965;0.44;505.3;556.3;9
1775309309584;17069.7520;11919.3044;0.25;505.2;556.2;7
1775309311101;17069.7522;11919.3044;0.16;505.1;556.1;6
1775309312418;17069.7525;11919.3045;0.23;505.1;556.1;4
1775309313852;17069.7528;11919.3066;0.48;504.9;555.9;3
1775309315577;17069.7507;11919.3089;0.88;506.0;557.0;3
1775309317075;17069.7481;11919.3110;1.01;506.1;557.1;3
1775309318558;17069.7462;11919.3123;1.09;506.2;557.2;3
1775309320894;17069.7430;11919.3142;1.14;506.9;557.9;3
1775309322783;17069.7404;11919.3157;1.11;507.1;558.1;3
1775309324485;17069.7382;11919.3173;1.16;507.2;558.2;3
1775309326536;17069.7352;11919.3192;1.13;507.7;558.7;3
1775309328899;17069.7328;11919.3216;1.08;507.6;558.6;3
1775309330606;17069.7310;11919.3231;1.02;507.7;558.7;3
1775309332468;17069.7289;11919.3248;1.13;507.7;558.7;3
1775309334142;17069.7265;11919.3261;1.16;507.9;558.9;3
1775309335584;17069.7250;11919.3276;1.19;507.9;558.9;3
1775309336904;17069.7237;11919.3285;1.08;507.9;558.9;3
1775309338629;17069.7218;11919.3306;1.09;507.9;558.9;3
1775309340270;17069.7207;11919.3317;1.04;507.8;558.8;3
1775309341966;17069.7188;11919.3334;1.14;507.8;558.8;3
1775309343647;17069.7171;11919.3353;1.17;508.0;559.0;3
1775309345277;17069.7145;11919.3370;1.24;508.1;559.1;3
1775309346958;17069.7126;11919.3385;1.20;508.2;559.2;3
1775309348611;17069.7109;11919.3401;0.93;508.2;559.2;3
1775309350270;17069.7094;11919.3417;1.09;508.2;559.2;3
1775309351767;17069.7084;11919.3426;0.95;508.4;559.4;3
1775309353460;17069.7070;11919.3445;1.08;508.5;559.5;3
1775309355592;17069.7056;11919.3468;1.04;508.6;559.6;3
1775309357256;17069.7040;11919.3489;1.14;508.7;559.7;3
1775309358978;17069.7031;11919.3508;1.06;509.1;560.1;3
1775309360606;17069.7018;11919.3523;0.82;509.5;560.5;3
1775309362126;17069.7007;11919.3539;1.03;509.8;560.8;3
1775309363577;17069.6998;11919.3557;0.82;509.5;560.5;3
1775309365130;17069.6988;11919.3574;1.04;509.6;560.6;3
1775309366612;17069.6973;11919.3594;1.15;509.6;560.6;3
1775309368530;17069.6955;11919.3614;1.17;509.5;560.5;3
1775309370122;17069.6942;11919.3637;1.14;509.7;560.7;3
1775309371813;17069.6931;11919.3660;1.18;509.4;560.4;3
1775309373408;17069.6924;11919.3681;1.05;509.0;560.0;3
1775309375013;17069.6915;11919.3702;1.13;508.9;559.9;3
1775309376647;17069.6911;11919.3729;1.12;509.2;560.2;3
1775309378128;17069.6903;11919.3751;1.16;509.1;560.1;3
1775309379757;17069.6878;11919.3774;1.20;508.7;559.7;3
1775309381227;17069.6859;11919.3785;1.20;508.5;559.5;3
1775309383010;17069.6865;11919.3828;1.20;508.2;559.2;3
1775309384604;17069.6877;11919.3854;0.96;508.1;559.1;3
1775309386658;17069.6899;11919.3878;0.90;508.0;559.0;3
1775309388185;17069.6901;11919.3902;1.17;507.6;558.6;3
1775309389897;17069.6904;11919.3932;1.19;507.4;558.4;3
1775309391476;17069.6897;11919.3958;1.18;507.4;558.4;3
1775309393574;17069.6890;11919.3988;1.01;507.4;558.4;3
1775309396239;17069.6877;11919.3972;0.11;507.4;558.4;3
1775309398011;17069.6871;11919.3960;0.10;507.6;558.6;3
1775309399529;17069.6869;11919.3958;0.10;507.6;558.6;3
1775309400927;17069.6867;11919.3952;0.12;507.4;558.4;3
1775309416667;17069.6837;11919.3964;0.07;507.6;558.6;12
1775309419578;17069.6859;11919.3968;0.04;507.7;558.7;8
1775309422555;17069.6861;11919.3967;0.04;508.0;559.0;4
1775309424624;17069.6860;11919.3966;0.04;507.5;558.5;6
1775309427576;17069.6843;11919.3942;0.62;507.4;558.4;6
1775309551300;17069.6428;11919.4213;0.42;487.6;538.6;11
1775309554580;17069.6436;11919.4251;0.55;487.2;538.2;9
1775309557432;17069.6434;11919.4259;0.54;486.8;537.8;22
1775309559995;17069.6450;11919.4265;0.89;486.4;537.4;13
1775309561528;17069.6438;11919.4264;0.72;486.2;537.2;5
1775309562940;17069.6436;11919.4270;0.84;486.0;537.0;4
1775309564679;17069.6442;11919.4280;0.75;485.5;536.5;4
1775309566368;17069.6445;11919.4292;0.88;485.1;536.1;4
1775309569579;17069.6460;11919.4299;0.05;483.8;534.8;4
1775309572587;17069.6462;11919.4304;0.07;483.5;534.5;3
1775309574069;17069.6461;11919.4306;0.09;483.4;534.4;3
1775309575582;17069.6460;11919.4306;0.08;483.3;534.3;3
1775309577283;17069.6457;11919.4310;0.16;483.2;534.2;3
1775309580101;17069.6460;11919.4312;0.14;483.6;534.6;3
1775309581578;17069.6459;11919.4314;0.15;483.0;534.0;3
1775309583299;17069.6457;11919.4316;0.18;483.0;534.0;3
1775309586111;17069.6471;11919.4343;0.81;482.9;533.9;3
1775309587638;17069.6485;11919.4356;0.77;482.8;533.8;3
1775309589047;17069.6504;11919.4364;0.80;482.4;533.4;3
1775309590581;17069.6504;11919.4376;0.67;482.6;533.6;3
1775309592320;17069.6495;11919.4391;0.80;482.4;533.4;3
1775309593794;17069.6477;11919.4413;1.03;482.5;533.5;3
1775309595864;17069.6470;11919.4437;0.96;482.1;533.1;3
1775309597758;17069.6508;11919.4464;1.06;480.9;531.9;3
1775309599348;17069.6516;11919.4477;0.98;480.5;531.5;3
1775309600689;17069.6531;11919.4486;0.89;479.8;530.8;3
1775309602129;17069.6538;11919.4500;0.98;479.7;530.7;3
1775309604274;17069.6562;11919.4529;1.21;479.9;530.9;3
1775309606121;17069.6555;11919.4559;1.16;480.1;531.1;3
1775309607463;17069.6530;11919.4576;1.21;479.7;530.7;3
1775309608895;17069.6508;11919.4580;1.06;479.4;530.4;3
1775309610560;17069.6481;11919.4582;1.30;479.1;530.1;3
1775309612053;17069.6455;11919.4562;1.34;478.3;529.3;3
1775309613597;17069.6433;11919.4548;1.13;478.1;529.1;3
1775309615130;17069.6413;11919.4523;1.20;476.5;527.5;3
1775309616825;17069.6394;11919.4504;1.13;476.2;527.2;3
1775309618524;17069.6388;11919.4478;1.14;476.3;527.3;3
1775309620154;17069.6368;11919.4456;1.18;476.1;527.1;3
1775309621573;17069.6362;11919.4439;1.23;475.9;526.9;3
1775309623178;17069.6347;11919.4421;1.23;475.8;526.8;3
1775309624918;17069.6342;11919.4379;1.21;475.7;526.7;3
1775309626595;17069.6324;11919.4351;1.05;476.5;527.5;3
1775309628284;17069.6305;11919.4330;1.04;476.5;527.5;3
1775309629942;17069.6284;11919.4318;1.03;476.0;527.0;3
1775309631758;17069.6262;11919.4321;0.95;476.0;527.0;3
1775309633254;17069.6267;11919.4345;0.78;475.4;526.4;3
1775309634682;17069.6274;11919.4361;0.79;475.3;526.3;3
1775309636392;17069.6259;11919.4364;0.66;475.7;526.7;3
1775309637896;17069.6244;11919.4355;0.82;474.9;525.9;3
1775309639521;17069.6219;11919.4341;1.10;475.0;526.0;3
1775309641219;17069.6193;11919.4333;1.12;473.7;524.7;3
1775309642618;17069.6169;11919.4327;1.14;473.8;524.8;3
1775309644606;17069.6143;11919.4313;1.11;473.0;524.0;3
1775309646140;17069.6123;11919.4301;1.08;472.7;523.7;3
1775309647603;17069.6100;11919.4294;0.99;472.7;523.7;3
1775309648997;17069.6087;11919.4290;0.88;472.9;523.9;3
1775309650581;17069.6070;11919.4298;0.95;473.1;524.1;3
1775309651997;17069.6053;11919.4306;0.94;473.1;524.1;3
1775309653603;17069.6035;11919.4312;0.99;473.6;524.6;3
1775309655379;17069.6017;11919.4327;0.98;473.6;524.6;3
1775309656867;17069.6006;11919.4339;0.96;473.0;524.0;3
1775309658608;17069.5993;11919.4358;1.05;472.6;523.6;3
1775309660230;17069.5982;11919.4369;1.04;471.4;522.4;3
1775309661661;17069.5967;11919.4386;1.18;471.0;522.0;3
1775309663132;17069.5948;11919.4384;0.94;471.1;522.1;3
1775309664591;17069.5927;11919.4380;1.10;470.7;521.7;3
1775309666209;17069.5898;11919.4367;1.18;469.5;520.5;3
1775309667917;17069.5871;11919.4354;1.11;468.7;519.7;3
1775309669529;17069.5851;11919.4348;1.14;468.4;519.4;3
1775309671368;17069.5827;11919.4341;1.06;468.3;519.3;3
1775309672880;17069.5809;11919.4340;0.98;469.4;520.4;3
1775309674359;17069.5797;11919.4340;0.92;469.4;520.4;3
1775309675922;17069.5781;11919.4330;0.88;469.0;520.0;3
1775309677578;17069.5766;11919.4320;0.89;469.4;520.4;3
1775309679163;17069.5747;11919.4317;0.87;469.7;520.7;3
1775309680576;17069.5731;11919.4318;0.88;469.8;520.8;3
1775309682256;17069.5715;11919.4321;0.84;470.4;521.4;3
1775309684178;17069.5712;11919.4322;0.53;470.5;521.5;3
1775309685708;17069.5702;11919.4321;0.64;471.1;522.1;3
1775309687708;17069.5700;11919.4318;0.47;472.6;523.6;3
1775309689605;17069.5703;11919.4313;0.14;472.6;523.6;3
1775309692154;17069.5702;11919.4312;0.17;472.7;523.7;3
1775309693569;17069.5708;11919.4310;0.11;472.5;523.5;3
1775309695024;17069.5711;11919.4306;0.21;472.6;523.6;3
1775309696437;17069.5715;11919.4297;0.30;472.5;523.5;3
1775309697967;17069.5711;11919.4289;0.44;472.6;523.6;3
1775309699633;17069.5715;11919.4265;0.70;472.6;523.6;3
1775309701498;17069.5717;11919.4246;0.77;472.0;523.0;3
1775309703195;17069.5715;11919.4219;0.94;472.8;523.8;3
1775309704581;17069.5725;11919.4210;0.76;473.6;524.6;3
1775309706158;17069.5739;11919.4201;0.75;473.8;524.8;3
1775309707571;17069.5744;11919.4197;0.39;474.0;525.0;3
1775309709261;17069.5742;11919.4190;0.40;474.1;525.1;3
1775309711653;17069.5730;11919.4177;0.58;474.3;525.3;3
1775309713584;17069.5718;11919.4171;0.52;474.6;525.6;3
1775309715265;17069.5710;11919.4163;0.58;474.7;525.7;3
1775309717160;17069.5712;11919.4168;0.36;474.7;525.7;3
1775309719118;17069.5713;11919.4164;0.38;474.8;525.8;3
1775309720790;17069.5710;11919.4166;0.27;475.2;526.2;3
1775309722565;17069.5689;11919.4168;0.39;476.3;527.3;3
1775309724497;17069.5675;11919.4168;0.51;476.8;527.8;3
1775309728564;17069.5664;11919.4166;0.03;477.8;528.8;3
1775309730927;17069.5664;11919.4165;0.09;478.0;529.0;3
1775309732464;17069.5654;11919.4167;0.25;478.0;529.0;3
1775309734186;17069.5652;11919.4170;0.20;478.1;529.1;3
1775309735759;17069.5645;11919.4175;0.19;478.0;529.0;3
1775309737361;17069.5636;11919.4177;0.31;478.0;529.0;3
1775309739112;17069.5632;11919.4164;0.44;478.1;529.1;3
1775309740522;17069.5632;11919.4157;0.41;477.9;528.9;3
1775309741990;17069.5634;11919.4149;0.48;478.0;529.0;3
1775309743572;17069.5639;11919.4134;0.71;477.9;528.9;3
1775309744940;17069.5642;11919.4120;0.69;478.6;529.6;3
1775309746589;17069.5638;11919.4116;0.41;478.9;529.9;3
1775309748695;17069.5630;11919.4115;0.32;479.8;530.8;3
1775309750676;17069.5616;11919.4125;0.40;480.6;531.6;3
1775309752245;17069.5608;11919.4128;0.45;480.5;531.5;3
1775309754800;17069.5599;11919.4133;0.41;480.7;531.7;3
1775309756221;17069.5603;11919.4139;0.41;480.6;531.6;3
1775309758603;17069.5604;11919.4147;0.04;481.0;532.0;3
1775309761517;17069.5605;11919.4154;0.10;481.3;532.3;3
1775309762970;17069.5605;11919.4154;0.10;481.3;532.3;3
1775309764433;17069.5603;11919.4154;0.15;481.4;532.4;3
1775309766255;17069.5603;11919.4154;0.16;481.4;532.4;3
1775309768489;17069.5603;11919.4154;0.12;481.5;532.5;3
1775309770071;17069.5602;11919.4154;0.09;481.5;532.5;3
1775309772138;17069.5604;11919.4155;0.10;481.4;532.4;3
1775309773583;17069.5604;11919.4155;0.08;481.5;532.5;3
1775309788210;17069.5613;11919.4140;0.08;482.9;533.9;10
1775309790499;17069.5610;11919.4104;0.06;482.9;533.9;9
1775309793586;17069.5602;11919.4132;0.17;482.6;533.6;6
1775309795106;17069.5599;11919.4134;0.35;482.6;533.6;7
1775309796556;17069.5603;11919.4133;0.38;482.4;533.4;6
1775309798010;17069.5604;11919.4130;0.24;482.5;533.5;5
1775309799599;17069.5603;11919.4129;0.22;482.7;533.7;4
1775309801921;17069.5596;11919.4127;0.18;483.0;534.0;3
1775309805583;17069.5583;11919.4113;0.09;484.2;535.2;3
1775309807797;17069.5582;11919.4111;0.16;484.2;535.2;3
1775309809214;17069.5570;11919.4106;0.14;484.1;535.1;3
1775309811220;17069.5568;11919.4104;0.19;484.3;535.3;3
1775309812764;17069.5554;11919.4108;0.38;484.4;535.4;3
1775309814597;17069.5548;11919.4108;0.27;485.2;536.2;3
1775309816709;17069.5544;11919.4105;0.30;485.5;536.5;3
1775309818311;17069.5531;11919.4104;0.31;486.0;537.0;3
1775309820287;17069.5520;11919.4100;0.44;486.1;537.1;3
1775309822458;17069.5512;11919.4098;0.35;486.3;537.3;3
1775309823947;17069.5500;11919.4086;0.44;486.3;537.3;3
1775309825962;17069.5492;11919.4075;0.35;486.6;537.6;3
1775309827366;17069.5501;11919.4063;0.44;486.6;537.6;3
1775309829269;17069.5508;11919.4059;0.43;487.5;538.5;3
1775309831240;17069.5535;11919.4038;0.69;487.4;538.4;3
1775309833596;17069.5539;11919.4030;0.28;487.4;538.4;3
1775309834961;17069.5537;11919.4028;0.17;487.5;538.5;3
1775309836761;17069.5537;11919.4031;0.17;488.0;539.0;3
1775309838236;17069.5538;11919.4028;0.20;488.1;539.1;3
1775309839759;17069.5542;11919.4028;0.20;488.1;539.1;3
1775309841226;17069.5543;11919.4025;0.24;488.1;539.1;3
1775309842946;17069.5543;11919.4022;0.17;488.5;539.5;3
1775309844367;17069.5541;11919.4019;0.20;488.7;539.7;3
1775309845689;17069.5537;11919.4011;0.30;489.2;540.2;3
1775309847598;17069.5531;11919.4007;0.11;489.9;540.9;3
1775309849780;17069.5528;11919.4005;0.15;490.8;541.8;3
1775309851477;17069.5517;11919.3997;0.19;490.3;541.3;3
1775309853601;17069.5515;11919.3992;0.14;490.7;541.7;3
1775309855545;17069.5516;11919.3990;0.16;490.8;541.8;3
1775309857394;17069.5519;11919.3989;0.18;490.7;541.7;3
1775309921387;17069.5547;11919.3788;0.20;493.1;544.1;10
1775309924537;17069.5587;11919.3755;0.21;493.4;544.4;9
1775309927567;17069.5580;11919.3755;0.00;493.0;544.0;18
1775309930116;17069.5578;11919.3755;0.02;493.0;544.0;17
1775309931704;17069.5553;11919.3773;0.02;493.2;544.2;5
1775309933257;17069.5553;11919.3774;0.12;493.2;544.2;5
1775309935022;17069.5543;11919.3797;0.18;493.4;544.4;4
1775309936489;17069.5545;11919.3814;0.17;493.4;544.4;3
1775309994675;17069.5685;11919.3834;0.03;493.1;544.1;11
1775309997474;17069.5694;11919.3905;0.07;492.7;543.7;9
1775310000478;17069.5677;11919.3882;0.13;492.0;543.0;5
1775310003552;17069.5674;11919.3877;0.07;492.3;543.3;4
1775310006245;17069.5674;11919.3876;0.32;492.2;543.2;4
1775310007922;17069.5669;11919.3861;0.80;492.4;543.4;4
1775310009501;17069.5656;11919.3858;1.00;492.8;543.8;4
1775310010868;17069.5647;11919.3848;1.02;492.9;543.9;3
1775310012509;17069.5607;11919.3846;1.04;492.8;543.8;3
1775310014197;17069.5583;11919.3835;0.99;492.9;543.9;3
1775310015633;17069.5594;11919.3814;0.77;492.6;543.6;3
1775310017445;17069.5604;11919.3796;0.85;492.6;543.6;3
1775310019630;17069.5628;11919.3781;0.72;493.1;544.1;3
1775310021486;17069.5637;11919.3775;0.28;492.2;543.2;3
1775310023498;17069.5636;11919.3777;0.13;491.8;542.8;3
1775310027140;17069.5639;11919.3781;0.14;492.6;543.6;3
1775310028939;17069.5648;11919.3779;0.13;492.3;543.3;3
1775310030495;17069.5657;11919.3772;0.39;491.9;542.9;3
1775310031981;17069.5669;11919.3764;0.45;491.9;542.9;3
1775310033501;17069.5679;11919.3751;0.72;491.3;542.3;3
1775310035443;17069.5687;11919.3729;0.73;490.8;541.8;3
1775310038760;17069.5656;11919.3703;0.84;489.8;540.8;3
1775310040652;17069.5627;11919.3717;0.87;489.2;540.2;3
1775310042482;17069.5608;11919.3724;0.79;489.4;540.4;3
1775310191004;17069.5716;11919.3464;0.09;476.7;527.7;14
1775310193539;17069.5776;11919.3487;0.28;476.6;527.6;10
1775310196501;17069.5767;11919.3471;0.52;476.8;527.8;5
1775310249570;17069.5905;11919.3138;0.60;471.8;522.8;15
1775310252559;17069.5970;11919.3235;0.81;470.4;521.4;11
1775310255512;17069.6010;11919.3252;0.70;470.2;521.2;4
1775310256957;17069.6014;11919.3251;0.88;470.2;521.2;6
1775310258289;17069.6015;11919.3243;0.92;470.0;521.0;7
1775310260153;17069.6039;11919.3238;0.78;470.1;521.1;6
1775310261546;17069.6059;11919.3236;0.91;469.8;520.8;6
1775310263262;17069.6087;11919.3236;0.78;469.5;520.5;5
1775310264915;17069.6095;11919.3238;0.84;469.4;520.4;4
1775310266436;17069.6106;11919.3231;0.71;469.3;520.3;4
1775310268541;17069.6111;11919.3224;0.36;469.7;520.7;4
1775310269908;17069.6114;11919.3225;0.38;469.7;520.7;3
1775310272139;17069.6122;11919.3208;0.25;469.1;520.1;3
1775310273542;17069.6128;11919.3198;0.18;469.1;520.1;3
1775310275411;17069.6137;11919.3188;0.27;469.1;520.1;3
1775310276968;17069.6151;11919.3172;0.55;468.9;519.9;3
1775310278946;17069.6171;11919.3160;0.73;468.6;519.6;3
1775310280316;17069.6178;11919.3159;0.53;468.3;519.3;3
1775310282193;17069.6191;11919.3151;0.78;468.0;519.0;3
1775310284105;17069.6204;11919.3139;0.89;467.9;518.9;3
1775310285578;17069.6215;11919.3126;0.87;467.9;518.9;3
1775310348473;17069.6641;11919.2774;0.77;465.3;516.3;13
1775310351487;17069.6660;11919.2814;0.31;465.7;516.7;10
1775310354549;17069.6657;11919.2813;0.30;466.2;517.2;10
1775310357178;17069.6652;11919.2871;0.34;466.3;517.3;8
1775310359902;17069.6670;11919.2874;0.09;466.3;517.3;5
1775310897560;17069.7394;11919.2527;0.26;451.8;502.8;12
1775310900496;17069.7435;11919.2549;0.07;451.5;502.5;12
1775310903508;17069.7364;11919.2411;0.12;450.7;501.7;10
1775310906276;17069.7345;11919.2375;0.30;450.6;501.6;9
1775310907988;17069.7341;11919.2381;0.51;450.9;501.9;7
1775310991472;17069.7648;11919.2202;0.01;431.6;482.6;17
1775310995495;17069.7581;11919.2243;0.47;431.9;482.9;15
1775310997592;17069.7563;11919.2246;0.47;431.8;482.8;16
1775310999190;17069.7628;11919.2181;0.98;431.6;482.6;15
1775311000743;17069.7644;11919.2168;0.62;431.5;482.5;16
1775311002311;17069.7675;11919.2099;1.15;431.5;482.5;13
1775311228400;17069.8401;11919.1224;0.81;396.7;447.7;8
1775311231491;17069.8407;11919.1235;0.68;396.1;447.1;4
1775311232825;17069.8410;11919.1233;1.32;396.0;447.0;5
1775311234274;17069.8405;11919.1224;1.09;395.8;446.8;6
1775311236409;17069.8459;11919.1230;1.04;395.6;446.6;5
1775311238065;17069.8488;11919.1213;1.25;395.1;446.1;5
1775311239467;17069.8507;11919.1197;1.20;394.9;445.9;5
1775311243251;17069.8489;11919.1217;0.21;393.8;444.8;4
1775311245571;17069.8476;11919.1236;0.17;394.0;445.0;3
1775311248509;17069.8473;11919.1248;0.16;393.7;444.7;3
1775311251727;17069.8475;11919.1242;0.06;393.6;444.6;3
1775311255513;17069.8466;11919.1243;0.10;392.6;443.6;3
1775311258493;17069.8462;11919.1245;0.07;392.4;443.4;3
1775311259961;17069.8461;11919.1245;0.07;392.4;443.4;3
1775311261267;17069.8461;11919.1243;0.10;392.3;443.3;3
1775311264481;17069.8457;11919.1232;0.10;392.5;443.5;3
1775311266191;17069.8457;11919.1231;0.13;392.5;443.5;3
1775311270506;17069.8466;11919.1230;0.22;392.6;443.6;3
1775311272002;17069.8470;11919.1233;0.20;392.5;443.5;3
1775311273506;17069.8476;11919.1228;0.32;392.1;443.1;3
1775311275088;17069.8483;11919.1222;0.33;391.8;442.8;3
1775311276473;17069.8485;11919.1218;0.26;391.7;442.7;3
1775311278305;17069.8486;11919.1221;0.16;391.5;442.5;3
1775311279979;17069.8500;11919.1215;0.65;391.2;442.2;3
1775311281555;17069.8522;11919.1209;0.90;391.1;442.1;3
1775311283105;17069.8551;11919.1187;1.26;390.3;441.3;3
1775311304627;17069.8602;11919.1206;0.25;387.7;438.7;13
1775311307387;17069.8558;11919.1079;0.05;387.1;438.1;9
1775311310394;17069.8553;11919.1076;0.05;387.1;438.1;6
1775311313406;17069.8555;11919.1076;0.00;387.1;438.1;8
1775311316378;17069.8555;11919.1077;0.01;386.9;437.9;6
1775311318333;17069.8555;11919.1077;0.01;387.0;438.0;6
1775311322442;17069.8555;11919.1079;0.02;386.1;437.1;4
1775311325127;17069.8555;11919.1079;0.02;386.1;437.1;4
1775311626316;17069.9874;11919.0037;0.63;340.6;391.6;13
1775311629459;17070.0477;11918.9460;1.03;340.3;391.3;10
1775311632409;17070.0581;11918.9313;0.82;340.3;391.3;7
1775311634012;17070.0595;11918.9289;0.63;340.2;391.2;7
1775311635435;17070.0616;11918.9255;0.63;340.3;391.3;6
1775311636788;17070.0630;11918.9236;0.68;340.4;391.4;5
1775311638214;17070.0637;11918.9224;0.71;340.3;391.3;5
1775311639599;17070.0643;11918.9214;0.64;340.5;391.5;4
1775311641354;17070.0643;11918.9208;0.60;340.5;391.5;3
1775311643124;17070.0642;11918.9197;0.60;340.5;391.5;3
1775311644734;17070.0644;11918.9201;0.37;340.5;391.5;3
1775311646980;17070.0647;11918.9197;0.30;340.5;391.5;3
1775311648667;17070.0656;11918.9197;0.36;340.5;391.5;3
1775311650446;17070.0668;11918.9196;0.36;340.5;391.5;3
1775311652127;17070.0679;11918.9192;0.41;340.5;391.5;3
1775311653584;17070.0697;11918.9184;0.62;340.5;391.5;3
1775311655089;17070.0709;11918.9175;0.67;340.5;391.5;3
1775311656530;17070.0728;11918.9161;0.99;341.3;392.3;3
1775311657912;17070.0742;11918.9148;0.94;341.3;392.3;3
1775311659381;17070.0763;11918.9131;1.07;342.4;393.4;3
1775311660950;17070.0777;11918.9122;0.95;342.4;393.4;3
1775311662466;17070.0793;11918.9118;0.98;342.4;393.4;3
1775311663967;17070.0811;11918.9113;0.94;342.3;393.3;3
1775311665413;17070.0829;11918.9109;0.93;342.3;393.3;3
1775311667101;17070.0850;11918.9110;0.94;342.2;393.2;3
1775311668508;17070.0864;11918.9103;0.68;342.1;393.1;3
1775311670689;17070.0884;11918.9103;0.74;342.0;393.0;3
1775311672259;17070.0898;11918.9100;0.62;342.0;393.0;3
1775311673750;17070.0907;11918.9095;0.57;341.9;392.9;3
1775311675172;17070.0916;11918.9092;0.65;342.1;393.1;3
1775311676988;17070.0931;11918.9082;0.76;342.0;393.0;3
1775311678631;17070.0947;11918.9072;0.81;342.0;393.0;3
1775311679989;17070.0966;11918.9065;0.92;341.8;392.8;3
1775311681708;17070.0970;11918.9056;0.86;341.3;392.3;3
1775311683359;17070.0985;11918.9043;0.89;341.1;392.1;3
1775311685626;17070.1005;11918.9027;0.92;340.9;391.9;3
1775311687283;17070.1011;11918.9032;0.64;341.1;392.1;3
1775311689464;17070.1009;11918.9021;0.41;340.9;391.9;3
1775311691019;17070.1003;11918.9019;0.32;340.9;391.9;3
1775311692394;17070.1009;11918.9018;0.27;340.9;391.9;3
1775311693961;17070.1014;11918.9015;0.27;340.8;391.8;3
1775311695404;17070.1019;11918.9011;0.26;340.8;391.8;3
1775311696862;17070.1040;11918.8992;0.50;340.7;391.7;3
1775311698448;17070.1057;11918.8976;0.68;340.5;391.5;3
1775311699848;17070.1070;11918.8961;0.78;340.4;391.4;3
1775311701438;17070.1082;11918.8947;0.73;340.4;391.4;3
1775311704381;17070.1078;11918.8931;0.33;340.1;391.1;3
1775311707057;17070.1073;11918.8928;0.20;339.9;390.9;3
1775311710417;17070.1068;11918.8938;0.05;339.9;390.9;3
1775311712833;17070.1066;11918.8938;0.14;339.9;390.9;3
1775312038398;17070.2101;11918.8268;0.22;330.7;381.7;20
1775312041426;17070.1982;11918.8264;0.03;330.5;381.5;17
1775312044405;17070.2052;11918.8150;0.17;330.8;381.8;4
1775312047408;17070.2057;11918.8144;0.00;330.9;381.9;4
1775312061926;17070.2106;11918.8257;0.11;331.1;382.1;14
1775312064356;17070.2136;11918.8214;0.55;332.0;383.0;10
1775312067329;17070.2154;11918.8228;0.46;331.7;382.7;4
1775312068781;17070.2154;11918.8228;0.47;331.7;382.7;6
1775312070226;17070.2151;11918.8225;0.64;331.8;382.8;6
1775312072355;17070.2178;11918.8209;0.79;331.9;382.9;5
1775312074084;17070.2206;11918.8205;0.94;332.5;383.5;4
1775312075650;17070.2220;11918.8196;1.04;332.7;383.7;4
1775312077504;17070.2246;11918.8203;0.86;332.3;383.3;4
1775312084750;17070.2292;11918.8212;0.99;332.7;383.7;12
1775312086689;17070.2297;11918.8121;0.98;333.2;384.2;11
1775312088125;17070.2296;11918.8105;0.91;333.2;384.2;10
1775312090224;17070.2336;11918.8066;0.71;333.3;384.3;8
1775312092758;17070.2350;11918.8051;0.27;332.9;383.9;7
1775312094004;17070.2355;11918.8046;0.11;332.9;383.9;5
1775312210783;17070.3161;11918.7216;0.25;344.8;395.8;18
1775312213061;17070.3189;11918.7259;1.08;343.9;394.9;14
1775312629710;17070.4076;11918.3498;1.46;349.3;400.3;3
1775312629890;17070.4076;11918.3498;1.46;349.3;400.3;3
1775312720252;17070.3754;11918.2369;0.04;341.8;392.8;15
1775312723132;17070.3766;11918.2559;0.29;341.7;392.7;11
1775312726132;17070.3711;11918.2624;0.16;341.9;392.9;7
1775312753056;17070.3741;11918.2572;0.09;341.8;392.8;48
1775312756145;17070.3673;11918.2438;0.24;341.7;392.7;28
1775312759150;17070.3674;11918.2432;0.00;342.0;393.0;12
1775312761011;17070.3675;11918.2432;0.02;342.0;393.0;10
1775312763137;17070.3683;11918.2451;0.02;342.0;393.0;6
1775312764862;17070.3684;11918.2451;0.15;342.0;393.0;5
1775312766408;17070.3700;11918.2454;0.86;341.9;392.9;4
1775312768055;17070.3716;11918.2431;1.21;341.8;392.8;3
1775312769584;17070.3724;11918.2407;1.26;341.7;392.7;3
1775312771156;17070.3734;11918.2383;1.33;341.4;392.4;3
1775312772807;17070.3730;11918.2352;1.37;341.3;392.3;3
1775312774347;17070.3720;11918.2335;1.09;341.2;392.2;3
1775312775939;17070.3715;11918.2312;1.18;341.1;392.1;3
1775312777610;17070.3708;11918.2298;0.95;341.1;392.1;3
1775312779118;17070.3712;11918.2277;1.15;340.8;391.8;3
1775312780672;17070.3711;11918.2290;0.48;340.7;391.7;3
1775312783070;17070.3704;11918.2303;0.04;340.0;391.0;3
1775312785780;17070.3702;11918.2309;0.12;339.6;390.6;3
1775312789062;17070.3695;11918.2319;0.02;339.4;390.4;3
1775312792146;17070.3693;11918.2317;0.02;339.4;390.4;3
1775312795151;17070.3688;11918.2320;0.03;339.4;390.4;3
1775312868075;17070.3846;11918.2517;1.31;345.1;396.1;10
1775312871156;17070.3796;11918.2593;0.58;345.7;396.7;7
1775312874152;17070.3793;11918.2597;0.16;345.9;396.9;4
1775312875994;17070.3792;11918.2597;0.54;346.0;397.0;4
1775312877762;17070.3795;11918.2595;0.46;346.2;397.2;3
1775312879205;17070.3797;11918.2596;0.56;346.4;397.4;3
1775312880717;17070.3817;11918.2592;0.59;346.5;397.5;3
1775312882698;17070.3834;11918.2589;0.68;346.9;397.9;3
1775313089540;17070.4959;11918.2734;0.32;378.8;429.8;10
1775313092070;17070.4935;11918.2799;0.37;379.1;430.1;8
1775313095113;17070.4942;11918.2713;0.24;379.4;430.4;5
1775313096803;17070.4945;11918.2702;0.81;379.6;430.6;5
1775313098434;17070.4961;11918.2692;0.73;379.7;430.7;4
1775313099836;17070.4972;11918.2687;0.82;379.8;430.8;4
1775313102180;17070.4984;11918.2688;0.65;380.5;431.5;4
1775313103754;17070.4991;11918.2678;0.68;380.8;431.8;4
1775313105357;17070.4985;11918.2675;0.62;380.9;431.9;3
1775313106913;17070.4987;11918.2659;0.80;381.1;432.1;3
1775313108397;17070.4991;11918.2669;0.48;381.7;432.7;3
1775313110144;17070.5004;11918.2677;0.59;382.2;433.2;3
1775313111640;17070.5016;11918.2684;0.72;382.7;433.7;3
1775313113104;17070.5031;11918.2686;0.81;383.2;434.2;3
1775313114431;17070.5043;11918.2684;0.74;383.4;434.4;3
1775313116129;17070.5056;11918.2679;0.62;383.9;434.9;3
1775313117973;17070.5069;11918.2677;0.82;384.1;435.1;3
1775313119489;17070.5065;11918.2676;0.78;385.0;436.0;3
1775313121104;17070.5072;11918.2664;0.84;385.2;436.2;3
1775313122570;17070.5070;11918.2658;0.54;385.7;436.7;3
1775313123986;17070.5078;11918.2655;0.65;385.9;436.9;3
1775313125388;17070.5079;11918.2662;0.55;386.1;437.1;3
1775313127082;17070.5090;11918.2658;0.71;386.4;437.4;3
1775313128606;17070.5097;11918.2651;0.66;386.6;437.6;3
1775313130163;17070.5111;11918.2648;0.74;386.8;437.8;3
1775313131659;17070.5116;11918.2652;0.55;387.2;438.2;3
1775313133270;17070.5128;11918.2657;0.71;387.4;438.4;3
1775313135105;17070.5134;11918.2648;0.66;387.8;438.8;3
1775313136613;17070.5151;11918.2646;0.74;388.4;439.4;3
1775313138131;17070.5156;11918.2652;0.69;388.6;439.6;3
1775313139770;17070.5171;11918.2660;0.80;388.9;439.9;3
1775313141745;17070.5191;11918.2665;0.69;389.4;440.4;3
1775313143749;17070.5208;11918.2676;0.69;389.5;440.5;3
1775313145691;17070.5224;11918.2690;0.87;389.8;440.8;3
1775313147621;17070.5242;11918.2706;0.92;389.7;440.7;3
1775313149116;17070.5260;11918.2716;0.93;390.0;441.0;3
1775313150923;17070.5284;11918.2726;0.94;390.1;441.1;3
1775313152311;17070.5297;11918.2730;0.59;390.2;441.2;3
1775313154096;17070.5316;11918.2733;0.86;390.6;441.6;3
1775313156124;17070.5335;11918.2755;0.87;391.2;442.2;3
1775313157543;17070.5349;11918.2768;0.93;391.6;442.6;3
1775313159594;17070.5375;11918.2788;0.93;392.3;443.3;3
1775313161119;17070.5391;11918.2801;1.03;392.3;443.3;3
1775313162832;17070.5403;11918.2809;0.89;392.9;443.9;3
1775313164806;17070.5420;11918.2821;0.93;393.6;444.6;3
1775313166660;17070.5435;11918.2837;0.98;394.3;445.3;3
1775313168589;17070.5459;11918.2845;1.02;394.7;445.7;3
1775313170136;17070.5480;11918.2851;0.97;395.0;446.0;3
1775313171804;17070.5502;11918.2856;1.00;395.1;446.1;3
1775313173645;17070.5521;11918.2862;0.88;395.3;446.3;3
1775313175605;17070.5544;11918.2871;0.97;395.9;446.9;3
1775313176993;17070.5556;11918.2877;0.95;395.9;446.9;3
1775313178917;17070.5581;11918.2886;1.02;396.6;447.6;3
1775313180778;17070.5595;11918.2886;0.92;396.9;447.9;3
1775313182625;17070.5610;11918.2884;0.70;397.4;448.4;3
1775313184104;17070.5627;11918.2884;0.91;397.7;448.7;3
1775313185520;17070.5625;11918.2878;0.54;397.9;448.9;3
1775313187419;17070.5629;11918.2862;0.69;398.4;449.4;3
1775313188881;17070.5609;11918.2854;0.66;398.8;449.8;3
1775313190290;17070.5599;11918.2845;0.72;399.2;450.2;3
1775313191798;17070.5588;11918.2841;0.61;399.6;450.6;3
1775313193673;17070.5575;11918.2831;0.73;400.0;451.0;3
1775313195214;17070.5573;11918.2826;0.76;400.5;451.5;3
1775313196570;17070.5560;11918.2819;0.89;400.7;451.7;3
1775313198045;17070.5566;11918.2811;0.65;400.8;451.8;3
1775313199545;17070.5563;11918.2799;0.80;401.2;452.2;3
1775313200968;17070.5564;11918.2794;0.79;401.6;452.6;3
1775313202480;17070.5563;11918.2784;0.84;401.8;452.8;3
1775313204082;17070.5574;11918.2773;0.69;402.2;453.2;3
1775313206147;17070.5571;11918.2752;0.78;403.1;454.1;3
1775313207598;17070.5577;11918.2745;0.70;402.9;453.9;3
1775313209120;17070.5587;11918.2737;0.54;403.4;454.4;3
1775313210828;17070.5601;11918.2742;0.70;403.7;454.7;3
1775313212826;17070.5611;11918.2748;0.74;403.6;454.6;3
1775313214507;17070.5624;11918.2756;0.74;403.9;454.9;3
1775313215878;17070.5632;11918.2761;0.90;404.3;455.3;3
1775313217846;17070.5651;11918.2772;0.92;404.6;455.6;3
1775313219936;17070.5670;11918.2772;0.94;404.9;455.9;3
1775313221747;17070.5680;11918.2769;0.69;405.0;456.0;3
1775313223314;17070.5696;11918.2767;0.89;405.1;456.1;3
1775313224728;17070.5698;11918.2768;0.87;405.4;456.4;3
1775313226683;17070.5724;11918.2768;0.90;405.8;456.8;3
1775313228769;17070.5736;11918.2761;0.80;406.6;457.6;3
1775313230260;17070.5744;11918.2754;0.64;406.8;457.8;3
1775313231682;17070.5758;11918.2749;0.77;406.9;457.9;3
1775313233139;17070.5765;11918.2747;0.66;407.2;458.2;3
1775313234696;17070.5776;11918.2741;0.77;407.5;458.5;3
1775313236096;17070.5783;11918.2741;0.73;407.7;458.7;3
1775313237710;17070.5796;11918.2737;0.83;408.0;459.0;3
1775313239083;17070.5805;11918.2741;0.67;408.6;459.6;3
1775313240646;17070.5814;11918.2742;0.75;409.1;460.1;3
1775313242134;17070.5826;11918.2741;0.71;409.2;460.2;3
1775313244077;17070.5843;11918.2741;0.86;409.3;460.3;3
1775313246076;17070.5853;11918.2742;0.77;409.6;460.6;3
1775313247771;17070.5870;11918.2747;0.83;409.8;460.8;3
1775313250138;17070.5876;11918.2740;0.72;409.9;460.9;3
1775313251637;17070.5874;11918.2734;0.43;409.9;460.9;3
1775313253612;17070.5883;11918.2740;0.54;409.8;460.8;3
1775313255246;17070.5890;11918.2735;0.67;409.6;460.6;3
1775313256671;17070.5903;11918.2728;0.76;409.6;460.6;3
1775313258293;17070.5910;11918.2727;0.73;409.5;460.5;3
1775313259826;17070.5923;11918.2738;0.81;409.6;460.6;3
1775313261916;17070.5933;11918.2741;0.66;410.0;461.0;3
1775313263355;17070.5943;11918.2726;0.52;410.8;461.8;3
1775313265351;17070.5949;11918.2708;0.69;411.0;462.0;3
1775313266746;17070.5956;11918.2695;0.70;411.5;462.5;3
1775313268154;17070.5959;11918.2680;0.87;411.7;462.7;3
1775313269527;17070.5975;11918.2679;0.70;412.1;463.1;3
1775313270970;17070.5990;11918.2671;0.87;412.5;463.5;3
1775313273053;17070.6014;11918.2694;0.73;413.1;464.1;3
1775313274479;17070.6020;11918.2707;0.83;413.6;464.6;3
1775313276689;17070.6029;11918.2719;0.63;414.0;465.0;3
1775313278116;17070.6033;11918.2728;0.60;414.4;465.4;3
1775313279678;17070.6036;11918.2743;0.70;414.6;465.6;3
1775313281004;17070.6041;11918.2755;0.84;414.7;465.7;3
1775313282626;17070.6046;11918.2754;0.63;415.1;466.1;3
1775313284035;17070.6055;11918.2768;0.78;415.3;466.3;3
1775313285459;17070.6062;11918.2754;0.71;415.2;466.2;3
1775313287158;17070.6070;11918.2732;0.78;415.5;466.5;3
1775313288937;17070.6074;11918.2710;0.80;415.8;466.8;3
1775313290996;17070.6075;11918.2686;0.86;416.6;467.6;3
1775313292468;17070.6077;11918.2669;0.84;417.2;468.2;3
1775313293865;17070.6086;11918.2659;0.83;417.9;468.9;3
1775313618097;17070.6802;11918.2580;0.77;466.3;517.3;11
1775313621123;17070.6832;11918.2599;1.14;466.6;517.6;9
1775313624280;17070.6848;11918.2569;0.84;466.6;517.6;6
1775313626101;17070.6828;11918.2568;0.48;466.6;517.6;5
1775313628060;17070.6829;11918.2567;0.45;466.7;517.7;5
1775313629687;17070.6838;11918.2571;0.54;466.9;517.9;4
1775313631120;17070.6850;11918.2558;0.55;467.1;518.1;3
1775313633012;17070.6866;11918.2545;0.75;467.2;518.2;3
1775313635186;17070.6880;11918.2533;0.44;468.0;519.0;3
1775313636908;17070.6886;11918.2520;0.54;468.1;519.1;3
1775313638588;17070.6877;11918.2517;0.29;468.0;519.0;3
1775313640116;17070.6872;11918.2507;0.17;468.5;519.5;3
1775313642594;17070.6871;11918.2502;0.08;468.5;519.5;3
1775313646126;17070.6866;11918.2498;0.17;468.4;519.4;3
1775313647504;17070.6867;11918.2498;0.11;468.4;519.4;3
1775313649132;17070.6870;11918.2499;0.12;468.6;519.6;3
1775313650719;17070.6873;11918.2500;0.14;468.6;519.6;3
1775313652121;17070.6881;11918.2502;0.27;468.6;519.6;3
1775313653943;17070.6894;11918.2501;0.43;468.6;519.6;3
1775313655384;17070.6907;11918.2498;0.49;468.5;519.5;3
1775313657942;17070.6923;11918.2494;0.53;468.0;519.0;3
1775313659554;17070.6946;11918.2486;0.82;468.0;519.0;3
1775313660966;17070.6961;11918.2485;0.84;467.9;518.9;3
1775313662320;17070.6982;11918.2485;0.81;467.5;518.5;3
1775313663673;17070.6997;11918.2483;0.84;467.2;518.2;3
1775313665058;17070.7007;11918.2481;0.57;467.3;518.3;3
1775313667123;17070.7025;11918.2480;0.63;466.3;517.3;3
1775313669905;17070.7013;11918.2476;0.08;466.0;517.0;3
1775313673124;17070.7009;11918.2467;0.06;465.7;516.7;3
1775313689731;17070.7003;11918.2489;0.31;465.5;516.5;14
1775313691998;17070.7058;11918.2399;0.33;465.8;516.8;11
1775313695030;17070.7071;11918.2384;0.34;465.7;516.7;7
1775313855166;17070.7093;11918.2419;0.06;462.7;513.7;13
1775314092009;17070.5889;11918.1285;2.86;460.2;511.2;16
1775314095009;17070.5937;11918.1202;1.20;459.4;510.4;11
1775314098094;17070.5918;11918.1187;0.93;459.9;510.9;7
1775314099648;17070.5893;11918.1178;0.95;459.9;510.9;8
1775314101056;17070.5886;11918.1172;0.99;460.1;511.1;8
1775314102813;17070.5883;11918.1153;0.92;459.8;510.8;7
1775314104517;17070.5870;11918.1138;0.96;459.2;510.2;6
1775314106167;17070.5860;11918.1121;1.03;460.4;511.4;4
1775314107934;17070.5879;11918.1099;0.86;461.0;512.0;4
1775314109957;17070.5884;11918.1075;0.91;461.2;512.2;3
1775314111712;17070.5875;11918.1066;0.86;461.3;512.3;3
1775314113236;17070.5868;11918.1060;0.93;461.6;512.6;3
1775314115071;17070.5855;11918.1045;0.97;461.7;512.7;3
1775314116959;17070.5845;11918.1032;0.99;462.2;513.2;3
1775314118630;17070.5829;11918.1015;1.10;463.3;514.3;3
1775314120785;17070.5811;11918.0994;1.05;463.9;514.9;3
1775314122661;17070.5800;11918.0983;0.88;463.9;514.9;3
1775314124028;17070.5788;11918.0974;0.94;464.1;515.1;3
1775314126160;17070.5776;11918.0963;0.80;464.9;515.9;3
1775314128060;17070.5762;11918.0940;1.03;465.5;516.5;3
1775314129862;17070.5752;11918.0929;1.01;465.9;516.9;3
1775314131422;17070.5743;11918.0918;0.84;465.7;516.7;3
1775314133463;17070.5738;11918.0905;0.92;466.7;517.7;3
1775314135276;17070.5722;11918.0886;1.05;466.9;517.9;3
1775314137043;17070.5715;11918.0864;1.08;467.3;518.3;3
1775314138784;17070.5714;11918.0849;1.03;467.7;518.7;3
1775314140296;17070.5708;11918.0830;1.12;467.8;518.8;3
1775314142108;17070.5696;11918.0808;1.10;467.4;518.4;3
1775314143774;17070.5690;11918.0801;0.74;467.4;518.4;3
1775314145271;17070.5696;11918.0788;0.98;467.7;518.7;3
1775314147074;17070.5692;11918.0778;0.98;466.6;517.6;3
1775314148692;17070.5700;11918.0756;1.15;466.6;517.6;3
1775314517831;17070.5693;11918.0747;1.26;466.7;517.7;3
1775314519328;17070.7023;11917.7859;0.79;420.2;471.2;13
1775314522080;17070.7256;11917.7460;0.86;420.0;471.0;10
1775314525048;17070.7229;11917.7364;0.88;419.9;470.9;5
1775314526561;17070.7231;11917.7349;0.94;419.8;470.8;7
1775314528009;17070.7221;11917.7336;1.10;419.7;470.7;8
1775314529622;17070.7218;11917.7304;1.10;419.6;470.6;7
1775314531026;17070.7214;11917.7286;1.14;419.1;470.1;6
1775314532565;17070.7215;11917.7267;1.00;419.1;470.1;5
1775314533981;17070.7216;11917.7265;0.51;419.0;470.0;4
1775314537005;17070.7227;11917.7267;0.07;418.3;469.3;3
1775314540011;17070.7231;11917.7266;0.07;418.5;469.5;3
1775314542981;17070.7237;11917.7263;0.07;418.0;469.0;3
1775314546049;17070.7237;11917.7261;0.07;418.4;469.4;3
1775314549037;17070.7243;11917.7259;0.07;418.0;469.0;3
1775314551991;17070.7244;11917.7258;0.06;418.8;469.8;3
1775314553999;17070.7245;11917.7259;0.02;418.8;469.8;3
1775314557980;17070.7246;11917.7258;0.03;419.1;470.1;3
1775314560247;17070.7246;11917.7257;0.03;419.1;470.1;3
1775316116962;17070.9168;11917.4242;0.30;397.0;448.0;13
1775316118956;17070.9241;11917.3972;0.10;422.0;473.0;12
1775316120891;17070.9254;11917.3884;0.10;444.0;495.0;12
1775316123889;17070.9298;11917.3884;0.00;422.0;473.0;12
1775316126861;17070.9371;11917.3943;0.01;416.0;467.0;10
1775316129898;17070.9393;11917.3976;0.02;416.0;467.0;7
1775316132949;17070.9409;11917.4006;0.10;390.9;441.9;4
1775316134741;17070.9410;11917.4007;0.10;390.9;441.9;4
1775316138904;17070.9411;11917.4014;0.10;373.9;424.9;3
1775316141602;17070.9412;11917.4014;0.10;373.9;424.9;3
1775316144871;17070.9408;11917.4022;0.21;367.9;418.9;3
1775316147927;17070.9403;11917.4031;0.09;365.9;416.9;3
1775316150954;17070.9400;11917.4038;0.11;361.0;412.0;3
1775316153936;17070.9396;11917.4052;0.13;361.1;412.1;3
1775316159416;17070.9394;11917.4055;0.41;361.3;412.3;3
1775316161883;17070.9397;11917.4045;0.34;361.2;412.2;3
1775316164873;17070.9408;11917.4030;0.23;358.1;409.1;4
1775316167902;17070.9418;11917.4039;0.17;358.0;409.0;4
1775316170871;17070.9421;11917.4052;0.24;358.0;409.0;4
1775316173928;17070.9419;11917.4066;0.19;354.0;405.0;3
1775316175588;17070.9420;11917.4068;0.19;354.0;405.0;3
1775316176952;17070.9415;11917.4073;0.45;354.0;405.0;3
1775316179970;17070.9409;11917.4080;0.13;353.0;404.0;3
1775316182402;17070.9407;11917.4081;0.13;353.0;404.0;3
1775316185999;17070.9400;11917.4082;0.18;352.1;403.1;3
1775316188937;17070.9397;11917.4083;0.09;352.1;403.1;3
1775316191952;17070.9396;11917.4081;0.03;349.0;400.0;3
1775316194882;17070.9396;11917.4081;0.27;349.0;400.0;3
1775316815940;17070.9360;11917.3885;0.40;349.0;400.0;14
1775316818901;17070.9398;11917.4106;0.14;349.0;400.0;11
1775316821930;17070.9394;11917.4136;0.08;348.9;399.9;8
1775316823748;17070.9394;11917.4138;0.08;348.9;399.9;9
1775317371816;17071.1190;11917.2216;0.80;432.0;483.0;11
1775317371931;17071.1190;11917.2216;0.80;432.0;483.0;11
1775317373238;17070.9872;11917.3355;1.06;405.2;456.2;11
1775317375924;17071.1120;11917.2249;0.54;405.3;456.3;10
1775317378898;17071.1348;11917.2083;0.53;405.4;456.4;7
1775317380437;17071.1360;11917.2074;0.91;405.5;456.5;8
1775317381895;17071.1386;11917.2095;0.80;408.6;459.6;8
1775317383777;17071.1404;11917.2108;0.87;408.7;459.7;6
1775317385220;17071.1417;11917.2108;0.81;409.0;460.0;5
1775317386641;17071.1431;11917.2111;0.86;409.3;460.3;4
1775317388063;17071.1446;11917.2132;0.84;410.5;461.5;4
1775317389494;17071.1460;11917.2144;0.88;410.7;461.7;3
1775317390885;17071.1476;11917.2153;0.92;411.0;462.0;3
1775317392816;17071.1496;11917.2146;0.91;411.1;462.1;3
1775317394853;17071.1519;11917.2128;0.78;411.5;462.5;3
1775317396226;17071.1536;11917.2128;0.92;411.7;462.7;3
1775317397585;17071.1553;11917.2118;0.89;412.2;463.2;3
1775317399523;17071.1577;11917.2110;0.93;412.3;463.3;3
1775317401421;17071.1589;11917.2109;0.91;412.5;463.5;3
1775317402806;17071.1606;11917.2110;0.92;412.9;463.9;3
1775318124309;17071.4777;11916.8120;1.06;490.8;541.8;21
1775318124805;17071.4794;11916.7784;59.57;490.8;541.8;36
1775318128782;17071.4730;11916.7833;0.03;496.6;547.6;46
1775318131122;17071.4733;11916.7829;0.45;490.8;541.8;46
1775318134850;17071.4785;11916.7767;0.10;490.8;541.8;14
1775318137325;17071.4787;11916.7762;0.10;490.8;541.8;14
1775318140661;17071.4790;11916.7754;0.08;490.8;541.8;11
1775318142154;17071.4794;11916.7746;0.43;490.8;541.8;10
1775318143631;17071.4794;11916.7738;0.37;490.8;541.8;10
1775318145192;17071.4791;11916.7722;0.49;490.8;541.8;10
1775318146877;17071.4783;11916.7696;0.84;490.8;541.8;9
1775318148352;17071.4772;11916.7672;1.06;490.8;541.8;9
1775318149785;17071.4753;11916.7642;0.96;490.8;541.8;9
1775318410067;17071.3966;11916.7005;0.34;502.2;553.2;48
1775318424183;17071.4533;11916.7228;1.09;496.2;547.2;37
1775318425901;17071.4507;11916.7239;1.11;495.9;546.9;27
1775318427432;17071.4479;11916.7239;1.08;495.7;546.7;19
1775318428820;17071.4462;11916.7230;1.04;495.0;546.0;14
1775318430671;17071.4430;11916.7199;1.05;494.8;545.8;13
1775318432425;17071.4415;11916.7180;0.79;494.3;545.3;12
1775318434128;17071.4404;11916.7156;0.97;494.0;545.0;11
1775318435764;17071.4412;11916.7161;1.21;494.0;545.0;10
1775318437262;17071.4431;11916.7152;1.21;494.0;545.0;8
1775318439131;17071.4409;11916.7206;1.22;494.0;545.0;7
1775318440745;17071.4384;11916.7206;1.24;494.0;545.0;6
1775318442249;17071.4330;11916.7220;1.23;494.1;545.1;5
1775318443624;17071.4304;11916.7220;1.14;494.3;545.3;4
1775318445355;17071.4279;11916.7256;1.05;494.6;545.6;3
1775318446873;17071.4277;11916.7265;0.39;494.8;545.8;3
1775318448510;17071.4281;11916.7263;0.18;498.6;549.6;3
1775318449895;17071.4282;11916.7260;0.08;498.6;549.6;3
1775318452798;17071.4282;11916.7258;0.05;498.5;549.5;3
1775318454374;17071.4282;11916.7259;0.07;499.0;550.0;3
1775318455853;17071.4279;11916.7260;0.05;498.9;549.9;3
1775318458284;17071.4278;11916.7260;0.11;498.9;549.9;3
1775318459707;17071.4278;11916.7258;0.16;499.0;550.0;3
1775318461821;17071.4283;11916.7254;0.20;499.1;550.1;3
1775318463850;17071.4288;11916.7250;0.21;499.1;550.1;3
1775318467369;17071.4316;11916.7241;0.65;500.0;551.0;3
1775318480642;17071.4349;11916.7224;0.43;496.8;547.8;22
1775318481797;17071.4446;11916.7353;1.72;497.3;548.3;26
1775318484808;17071.4543;11916.7352;0.67;497.1;548.1;22
1775318486701;17071.4572;11916.7360;0.67;497.0;548.0;21
1775318488320;17071.4609;11916.7365;1.48;496.4;547.4;18
1775318490016;17071.4618;11916.7378;1.27;496.2;547.2;16
1775318492151;17071.4636;11916.7416;1.20;496.6;547.6;13
1775318493755;17071.4644;11916.7442;1.20;496.0;547.0;9
1775318495249;17071.4656;11916.7443;1.23;495.9;546.9;7
1775318496827;17071.4650;11916.7455;1.10;495.8;546.8;7
1775318498623;17071.4649;11916.7470;1.23;495.8;546.8;6
1775318500265;17071.4652;11916.7505;1.13;495.8;546.8;6
1775318501807;17071.4651;11916.7526;1.19;495.8;546.8;6
1775318503578;17071.4654;11916.7550;1.19;491.9;542.9;6
1775318505212;17071.4651;11916.7591;1.25;491.9;542.9;7
1775318506936;17071.4661;11916.7606;1.17;491.9;542.9;7
1775318508610;17071.4665;11916.7632;1.27;491.9;542.9;7
1775318514185;17071.4702;11916.7656;1.38;490.8;541.8;15
1775318515670;17071.4707;11916.7651;1.18;490.8;541.8;16
1775318517444;17071.4725;11916.7657;1.10;490.8;541.8;18
1775318518875;17071.4754;11916.7701;1.13;490.8;541.8;18
1775318520290;17071.4787;11916.7740;1.18;490.8;541.8;16
1775318521871;17071.4809;11916.7769;1.14;490.8;541.8;14
1775318523873;17071.4836;11916.7787;1.13;490.8;541.8;8
1775318525238;17071.4842;11916.7812;1.02;490.8;541.8;7
1775318527061;17071.4861;11916.7824;1.06;490.8;541.8;6
1775318528477;17071.4874;11916.7833;0.91;490.8;541.8;5
1775318529936;17071.4888;11916.7839;0.98;490.8;541.8;4
1775318532533;17071.4916;11916.7855;0.96;492.5;543.5;4
1775318533883;17071.4923;11916.7869;0.78;492.7;543.7;3
1775318535381;17071.4934;11916.7879;0.85;492.9;543.9;3
1775318536871;17071.4943;11916.7886;0.78;493.1;544.1;3
1775318538565;17071.4958;11916.7897;0.89;493.3;544.3;3
1775318539982;17071.4962;11916.7905;0.77;493.5;544.5;3
1775318542044;17071.4972;11916.7924;0.88;494.0;545.0;3
1775318543496;17071.4977;11916.7927;0.74;494.6;545.6;3
1775318545422;17071.4992;11916.7939;0.90;495.0;546.0;3
1775318547200;17071.5002;11916.7947;0.88;495.4;546.4;3
1775318548858;17071.5012;11916.7957;0.82;495.7;546.7;3
1775318550622;17071.5027;11916.7971;1.04;495.8;546.8;3
1775318552313;17071.5040;11916.7989;1.10;495.8;546.8;3
1775318553980;17071.5048;11916.8010;1.11;495.9;546.9;3
1775318555581;17071.5052;11916.8025;0.98;495.9;546.9;3
1775318557336;17071.5058;11916.8040;1.01;495.9;546.9;3
1775318558666;17071.5063;11916.8056;0.91;495.9;546.9;3
1775318560469;17071.5075;11916.8077;0.97;496.1;547.1;3
1775318562146;17071.5091;11916.8093;0.95;496.2;547.2;3
1775319020360;17071.6177;11916.9082;0.28;524.8;575.8;20
1775319025166;17071.6136;11916.9155;0.71;524.4;575.4;40
1775319026508;17071.6129;11916.9183;1.02;524.3;575.3;41
1775319028311;17071.6145;11916.9205;1.13;524.2;575.2;31
1775319030030;17071.6132;11916.9220;1.20;524.1;575.1;28
1775319031575;17071.6122;11916.9269;1.14;523.9;574.9;18
1775319033344;17071.6121;11916.9324;1.08;523.7;574.7;16
1775319034978;17071.6122;11916.9356;1.08;523.5;574.5;14
1775319036617;17071.6120;11916.9376;1.11;523.2;574.2;13
1775319038449;17071.6114;11916.9411;1.12;522.9;573.9;12
1775319040737;17071.6113;11916.9439;0.67;522.8;573.8;11
1775319042622;17071.6111;11916.9443;0.48;522.6;573.6;9
1775319044277;17071.6098;11916.9460;0.59;522.4;573.4;7
1775319045807;17071.6090;11916.9466;0.84;527.2;578.2;6
1775319047507;17071.6076;11916.9480;0.92;527.1;578.1;5
1775319049120;17071.6062;11916.9496;1.06;526.9;577.9;5
1775319050784;17071.6044;11916.9513;1.10;526.7;577.7;5
1775319052474;17071.6047;11916.9529;1.01;526.5;577.5;5
1775319054177;17071.6037;11916.9548;1.09;526.1;577.1;5
1775319055828;17071.6040;11916.9571;1.04;526.1;577.1;5
1775319057398;17071.6028;11916.9590;1.06;525.9;576.9;5
1775319059020;17071.6023;11916.9597;1.13;525.6;576.6;5
1775319060647;17071.6000;11916.9601;1.18;525.5;576.5;5
1775319062300;17071.6009;11916.9616;1.10;525.7;576.7;4
1775319063829;17071.5996;11916.9628;0.91;525.1;576.1;3
1775319065230;17071.5985;11916.9635;0.90;524.8;575.8;3
1775319066841;17071.5977;11916.9649;0.94;524.6;575.6;3
1775319068640;17071.5975;11916.9671;1.03;524.5;575.5;3
1775319070349;17071.5976;11916.9692;0.97;524.4;575.4;4
1775319072252;17071.5964;11916.9707;0.82;524.1;575.1;4
1775319075790;17071.5978;11916.9715;0.05;523.8;574.8;4
1775319077613;17071.5977;11916.9713;0.15;523.8;574.8;4
1775319079674;17071.5997;11916.9719;0.14;524.1;575.1;3
1775319081814;17071.5998;11916.9724;0.23;524.0;575.0;3
1775319083683;17071.5992;11916.9736;0.48;523.9;574.9;3
1775319085343;17071.5978;11916.9746;0.92;523.8;574.8;3
1775319087366;17071.5957;11916.9765;1.16;523.7;574.7;4
1775319089133;17071.5935;11916.9783;1.25;523.2;574.2;4
1775319090699;17071.5917;11916.9797;1.22;523.0;574.0;4
1775319092345;17071.5895;11916.9795;1.19;523.0;574.0;4
1775319093867;17071.5888;11916.9781;0.78;526.4;577.4;4
1775319096251;17071.5894;11916.9768;0.73;522.8;573.8;4
1775319098274;17071.5913;11916.9751;0.40;522.7;573.7;4
1775319099837;17071.5918;11916.9756;0.15;526.2;577.2;4
1775319102057;17071.5920;11916.9760;0.10;528.0;579.0;4
1775319103476;17071.5929;11916.9758;0.22;526.2;577.2;3
1775319105436;17071.5929;11916.9756;0.16;526.2;577.2;3
1775319106979;17071.5927;11916.9753;0.17;526.2;577.2;3
1776350031692;17162.8883;12348.4338;0.07;324.0;372.0;6
1776350033350;17162.8929;12348.4313;0.76;341.0;389.0;11
1776350036239;17162.8921;12348.4366;0.52;328.0;376.0;10
1776350039255;17162.8918;12348.4376;0.51;328.0;376.0;9
1776350042208;17162.8911;12348.4379;0.00;329.0;377.0;9
1776350045217;17162.8906;12348.4378;0.02;329.0;377.0;8
1776350048259;17162.8904;12348.4377;0.02;328.0;376.0;6
1776350051216;17162.8903;12348.4376;0.02;328.0;376.0;5
1776350054241;17162.8903;12348.4375;0.03;329.0;377.0;5
1776350057211;17162.8903;12348.4375;0.03;329.0;377.0;4
1776350060207;17162.8902;12348.4374;0.03;329.6;377.6;4
1776350063231;17162.8902;12348.4374;0.03;329.6;377.6;4
1776350066217;17162.8902;12348.4373;0.03;330.0;378.0;4
1776350069224;17162.8901;12348.4371;0.03;330.0;378.0;3
1777650146427;17020.5224;11948.7171;0.14;711.6;760.0;17
1777650148000;17020.5161;11948.7059;1.12;711.6;760.2;12
1777650150745;17020.5192;11948.7114;0.04;711.6;764.0;10
1777650153724;17020.5200;11948.7126;0.00;711.6;764.0;8
1777650156760;17020.5218;11948.7153;0.00;711.6;764.0;9
1777650159741;17020.5224;11948.7159;0.00;711.6;763.0;8
1777650162722;17020.5215;11948.7186;0.13;711.6;763.0;18
1777650165714;17020.5227;11948.7226;0.53;711.6;760.1;5
1777651413581;17016.0067;11940.8406;6.42;843.5;897.2;22
1777717658305;17037.7128;11921.0511;1.64;575.2;629.0;4
1777717658497;17037.7128;11921.0511;1.64;575.2;629.0;4
1777717659195;17037.7150;11921.0503;0.12;575.2;626.0;3
1777717661166;17037.7151;11921.0503;0.11;575.2;631.9;4
1777717663167;17037.7168;11921.0529;0.11;568.4;631.9;4
1777717665142;17037.7172;11921.0534;0.00;568.4;631.8;5
1777717667143;17037.7178;11921.0533;0.00;568.4;631.8;4
1777717669183;17037.7183;11921.0530;0.05;568.4;631.8;4
1777717671134;17037.7185;11921.0528;0.04;568.4;631.7;3
1777717673145;17037.7187;11921.0527;0.04;568.4;630.7;3
1777717675157;17037.7189;11921.0525;0.04;568.4;630.7;3
1777717677189;17037.7192;11921.0523;0.04;568.4;631.7;3
1777717679141;17037.7194;11921.0521;0.04;568.4;628.9;3
1777717681151;17037.7195;11921.0519;0.04;568.4;630.8;3
1777717683150;17037.7196;11921.0517;0.04;568.4;631.8;3
1777718517629;17037.2420;11921.0721;0.04;659.9;710.0;1
1777718517830;17037.2420;11921.0721;0.04;659.9;710.0;1
1777718519171;17037.2423;11921.0728;0.16;659.9;708.7;1
1777718521342;17037.2423;11921.0731;0.16;659.9;708.7;1
1777718523139;17037.2423;11921.0732;0.14;659.9;708.6;1
1777718525021;17037.2422;11921.0732;0.01;659.9;709.0;2
1777718527239;17037.2422;11921.0733;0.01;659.9;709.0;2
1777718529195;17037.2422;11921.0733;0.02;659.9;709.0;3
1777718531204;17037.2421;11921.0733;0.02;659.9;709.0;3
1777718533206;17037.2422;11921.0733;0.02;659.9;709.0;3
1777718535249;17037.2422;11921.0733;0.02;659.9;709.0;3
1777718537245;17037.2421;11921.0733;0.02;659.9;709.0;3
1777718538686;17037.2421;11921.0733;0.02;659.9;708.9;3
1777718540271;17037.2421;11921.0733;0.03;659.9;708.9;3
1777719070210;17037.3477;11920.8773;0.08;748.4;792.0;4
1777719070426;17037.3477;11920.8773;0.08;748.4;792.0;4
1777719071141;17037.3478;11920.8774;0.08;748.4;797.4;4
1777719073186;17037.3481;11920.8773;0.08;748.4;797.1;4
1777719075191;17037.3482;11920.8770;0.17;748.4;797.1;4
1777719077212;17037.3487;11920.8765;0.20;748.4;797.2;4
1777719079151;17037.3492;11920.8761;0.14;748.4;797.4;3
1777719081201;17037.3498;11920.8759;0.39;748.4;797.3;3
1777719083199;17037.3510;11920.8770;0.20;748.4;797.4;2
1777719085186;17037.3518;11920.8774;0.15;748.4;797.5;2
1777719655085;17037.4390;11920.7543;0.00;828.1;894.0;2
1777719655306;17037.4390;11920.7543;0.00;828.1;894.0;2
1777719656140;17037.4392;11920.7543;0.00;828.1;900.6;3
1777719658207;17037.4396;11920.7546;0.29;828.1;900.7;3
1777719660164;17037.4402;11920.7536;0.65;828.1;900.7;3
1777719662172;17037.4416;11920.7551;0.48;828.1;900.6;2
1777719664214;17037.4415;11920.7545;0.07;828.1;900.7;2
1777719666222;17037.4425;11920.7551;0.22;828.1;900.8;1
1777719668143;17037.4426;11920.7547;0.04;828.1;900.8;1
1777719670176;17037.4426;11920.7547;0.00;828.1;900.9;1
1777719672184;17037.4425;11920.7545;0.00;828.1;901.0;1
1777719674143;17037.4425;11920.7545;0.00;828.1;901.1;1
1777719676335;17037.4425;11920.7545;0.00;828.1;901.2;1
1777719678131;17037.4425;11920.7545;0.00;828.1;896.0;1
1777719680367;17037.4424;11920.7545;0.00;828.1;896.0;1
1777719682191;17037.4424;11920.7545;0.00;828.1;895.9;1
1777719685083;17037.4425;11920.7545;0.00;828.1;895.5;1
1777719686161;17037.4425;11920.7545;0.00;828.1;895.4;1
1777719688142;17037.4425;11920.7545;0.00;828.1;894.4;1
1777719690149;17037.4425;11920.7545;0.00;828.1;894.3;1
1777719752062;17037.4433;11920.7544;0.00;828.1;893.0;2
1777719753176;17037.4433;11920.7544;0.00;828.1;894.5;1
1777719755209;17037.4433;11920.7544;0.00;828.1;894.4;1
1777719757362;17037.4433;11920.7544;0.00;828.1;894.5;1
1777719759144;17037.4433;11920.7544;0.00;828.1;894.4;1
1777719761197;17037.4433;11920.7544;0.00;828.1;894.3;1
1777719763251;17037.4433;11920.7544;0.00;828.1;894.2;1
1777719765247;17037.4433;11920.7544;0.00;828.1;894.2;1
1777719767223;17037.4433;11920.7544;0.00;828.1;894.1;1
1777719769300;17037.4433;11920.7544;0.00;828.1;894.3;1
1777719771158;17037.4433;11920.7545;0.00;828.1;894.1;1
1777719773159;17037.4433;11920.7545;0.00;828.1;893.9;1
1777719775214;17037.4433;11920.7545;0.00;828.1;894.1;1
1777719777244;17037.4433;11920.7545;0.00;828.1;894.1;1
1777719779223;17037.4433;11920.7545;0.00;828.1;894.3;1
1777719781142;17037.4433;11920.7545;0.00;828.1;894.0;1
1777719783149;17037.4433;11920.7545;0.00;828.1;894.1;1
1777719785136;17037.4433;11920.7545;0.00;828.1;894.0;1
1777719787215;17037.4433;11920.7545;0.00;828.1;894.1;1
1777719789225;17037.4433;11920.7545;0.00;828.1;893.9;1
1777719791219;17037.4432;11920.7545;0.00;828.1;894.0;1
1777719793152;17037.4432;11920.7545;0.00;828.1;894.0;1
1777719795234;17037.4432;11920.7545;0.00;828.1;894.0;1
1777719797163;17037.4432;11920.7545;0.00;828.1;894.0;1
1777719799143;17037.4432;11920.7545;0.00;828.1;893.9;1
1777719801236;17037.4432;11920.7545;0.00;828.1;893.9;1
1777719803204;17037.4432;11920.7545;0.00;828.1;894.1;1
1777719805218;17037.4432;11920.7545;0.00;828.1;894.2;1
1777719807143;17037.4432;11920.7545;0.00;828.1;894.3;1
1777719809219;17037.4431;11920.7545;0.00;828.1;893.3;1
1777719811285;17037.4431;11920.7545;0.00;828.1;894.0;1
1777719813172;17037.4431;11920.7545;0.00;828.1;894.2;1
1777720308153;17037.4796;11920.3202;0.34;885.9;949.2;10
1777720310142;17037.4736;11920.3187;0.45;885.9;949.3;9
1777720312169;17037.4723;11920.3207;0.42;885.9;949.5;7
1777720313721;17037.4722;11920.3202;0.35;885.9;949.5;5
1777720315141;17037.4717;11920.3197;0.51;885.9;949.6;4
1777720317079;17037.4708;11920.3179;0.69;885.9;949.6;3
1777720318758;17037.4700;11920.3155;0.67;903.5;949.7;3
1777720320185;17037.4694;11920.3138;0.68;903.5;949.8;3
1777720321563;17037.4694;11920.3118;0.73;903.5;950.0;3
1777720323191;17037.4697;11920.3103;0.64;903.5;950.1;3
1777720325243;17037.4698;11920.3083;0.75;903.5;950.3;3
1777720327142;17037.4694;11920.3066;0.82;903.5;950.5;3
1777720328651;17037.4691;11920.3055;0.65;903.5;951.0;3
1777720330141;17037.4692;11920.3043;0.56;903.5;951.4;3
1777720331779;17037.4696;11920.3028;0.68;903.5;951.4;3
1777720333226;17037.4697;11920.3014;0.69;903.5;951.7;3
1777720334582;17037.4699;11920.3002;0.71;903.5;951.8;3
1777720336014;17037.4700;11920.2988;0.72;903.5;952.0;3
1777720337914;17037.4707;11920.2968;0.65;903.5;952.3;3
1777720339506;17037.4713;11920.2947;0.89;903.5;952.3;3
1777720340888;17037.4719;11920.2931;0.88;883.7;952.3;3
1777720342791;17037.4726;11920.2903;0.91;883.7;952.7;3
1777720344223;17037.4726;11920.2882;0.94;883.7;953.5;3
1777720346107;17037.4726;11920.2854;1.03;883.7;953.0;3
1777720347530;17037.4726;11920.2835;1.07;883.7;953.7;3
1777720349076;17037.4729;11920.2810;1.12;883.7;953.8;3
1777720350939;17037.4737;11920.2784;1.07;883.7;954.0;3
1777720352713;17037.4746;11920.2766;0.91;883.7;954.0;3
1777720354203;17037.4748;11920.2755;0.76;883.7;954.0;3
1777720355838;17037.4750;11920.2741;0.81;883.7;953.9;3
1777720357248;17037.4747;11920.2730;0.50;883.7;954.1;3
1777720359084;17037.4745;11920.2714;0.64;883.7;954.0;3
1777720361235;17037.4735;11920.2685;0.74;883.7;954.0;3
1777720362643;17037.4726;11920.2662;0.78;900.6;954.1;3
1777720364276;17037.4721;11920.2639;0.79;894.6;954.2;3
1777720365664;17037.4715;11920.2621;0.72;894.6;954.4;3
1777720367310;17037.4706;11920.2602;0.75;894.6;954.5;3
1777720368826;17037.4695;11920.2583;0.83;894.6;954.6;3
1777720370832;17037.4683;11920.2557;0.84;894.6;954.6;3
1777720372686;17037.4671;11920.2535;0.90;894.6;954.8;3
1777720375294;17037.4659;11920.2514;0.69;894.6;954.9;2
1777720643773;17037.3582;11919.9327;0.51;900.8;980.0;23
1777720645138;17037.3549;11919.9351;0.35;900.8;968.9;19
1777720942023;17037.4540;11919.8628;0.77;957.6;1000.0;4
1777720942260;17037.4540;11919.8628;0.77;957.6;1000.0;4
1777720943141;17037.4542;11919.8633;0.75;957.6;1001.1;3
1777720945231;17037.4521;11919.8627;0.65;957.6;1001.6;3
1777720947221;17037.4505;11919.8630;0.70;957.6;1001.9;3
1777720949019;17037.4504;11919.8634;0.58;957.6;1001.9;3
1777720950406;17037.4493;11919.8633;0.79;957.6;1002.0;3
1777720951917;17037.4478;11919.8624;0.75;957.6;1002.1;3
1777720954088;17037.4469;11919.8596;0.82;957.6;1002.4;3
1777720955775;17037.4445;11919.8584;0.84;957.6;1002.5;3
1777720957155;17037.4415;11919.8582;0.92;957.6;1002.8;3
1777720958992;17037.4394;11919.8573;0.92;957.6;1003.0;3
1777720960546;17037.4376;11919.8564;0.91;956.5;1003.4;3
1777720961905;17037.4361;11919.8556;0.91;956.5;1003.5;3
1777720963322;17037.4344;11919.8552;0.89;956.5;1003.8;3
1777720964734;17037.4331;11919.8546;0.93;956.5;1004.0;3
1777720966174;17037.4316;11919.8537;0.97;956.5;1004.2;3
1777720968060;17037.4295;11919.8523;0.98;956.5;1004.3;3
1777720969602;17037.4277;11919.8519;0.94;956.5;1004.4;3
1777720970985;17037.4266;11919.8510;0.92;956.5;1004.5;3
1777720972504;17037.4262;11919.8506;0.75;956.5;1004.8;3
1777720973887;17037.4254;11919.8502;0.78;956.5;1004.8;3
1777720975344;17037.4250;11919.8493;0.86;956.5;1005.1;3
1777720976702;17037.4240;11919.8472;0.89;956.5;1005.2;3
1777720978180;17037.4233;11919.8463;0.84;956.5;1005.8;3
1777720979635;17037.4220;11919.8456;0.87;956.5;1006.0;3
1777720981222;17037.4206;11919.8453;0.82;956.5;1006.3;3
1777720983092;17037.4193;11919.8437;0.90;956.5;1006.5;3
1777720985012;17037.4183;11919.8415;1.00;956.5;1007.0;3
1777720986403;17037.4171;11919.8400;0.92;956.5;1007.2;3
1777720987778;17037.4157;11919.8391;0.96;956.5;1007.6;3
1777720989204;17037.4134;11919.8394;1.02;956.5;1007.9;3
1777720990570;17037.4115;11919.8389;0.97;956.5;1008.1;3
1777720991943;17037.4102;11919.8379;0.98;952.1;1008.3;3
1777720993765;17037.4084;11919.8357;0.97;952.1;1008.6;3
1777720995223;17037.4071;11919.8344;0.98;965.2;1009.1;3
1777720996839;17037.4057;11919.8332;0.95;965.2;1009.2;3
1777720998848;17037.4037;11919.8317;0.82;965.2;1009.5;3
1777721000920;17037.4025;11919.8305;0.77;965.2;1009.8;3
1777721002286;17037.4021;11919.8299;0.85;965.2;1010.2;3
1777721003806;17037.4012;11919.8285;1.06;965.2;1010.3;3
1777721005262;17037.4012;11919.8265;0.94;965.2;1011.0;3
1777721006730;17037.4007;11919.8249;0.90;965.2;1011.2;3
1777721008222;17037.4000;11919.8237;0.85;965.2;1011.4;3
1777721009944;17037.3990;11919.8225;0.83;965.2;1011.7;3
1777721011398;17037.3981;11919.8222;0.75;965.2;1012.2;3
1777721012758;17037.3976;11919.8216;0.65;965.2;1012.5;3
1777721014221;17037.3965;11919.8205;0.83;965.2;1013.0;3
1777721015890;17037.3950;11919.8190;0.75;965.2;1013.1;3
1777721017363;17037.3942;11919.8173;0.80;965.2;1013.6;3
1777721018684;17037.3941;11919.8160;0.57;965.2;1013.8;3
1777721020066;17037.3937;11919.8151;0.50;965.2;1013.9;3
1777721022230;17037.3917;11919.8145;0.05;965.2;1014.6;3
1777721024225;17037.3912;11919.8144;0.08;965.2;1014.8;3
1777721026175;17037.3912;11919.8142;0.08;965.2;1014.8;3
1777721332241;17037.3892;11919.6960;0.62;1011.1;1064.0;8
1777721334180;17037.3893;11919.6978;0.68;1011.1;1062.9;8
1777721336171;17037.3901;11919.6964;0.67;1013.4;1062.8;7
1777721338183;17037.3908;11919.6955;0.65;1013.4;1062.7;3
1777721339896;17037.3912;11919.6954;0.68;1013.4;1062.9;3
1777721341411;17037.3919;11919.6949;0.70;1013.4;1063.3;2
1777721343202;17037.3932;11919.6945;0.67;1013.4;1063.0;3
1777721345215;17037.3945;11919.6951;0.63;1013.4;1063.5;3
1777721346617;17037.3964;11919.6954;0.86;1013.4;1063.7;3
1777721348226;17037.3979;11919.6952;0.80;1013.4;1064.4;3
1777721349695;17037.3999;11919.6948;0.94;1013.4;1064.1;3
1777721351245;17037.4017;11919.6944;0.94;1013.4;1064.4;3
1777721352709;17037.4030;11919.6943;0.94;1013.4;1064.6;3
1777721354214;17037.4047;11919.6939;0.98;1013.4;1065.6;3
1777721355756;17037.4069;11919.6932;1.04;1013.4;1065.7;3
1777721357186;17037.4089;11919.6928;1.03;1013.4;1065.8;3
1777721359081;17037.4113;11919.6917;1.03;1023.9;1065.7;3
1777721361276;17037.4120;11919.6904;0.45;1023.9;1065.5;2
1777721363189;17037.4133;11919.6892;0.87;1023.9;1065.8;2
1777721427996;17037.4432;11919.6285;0.47;1032.8;1073.0;2
1777721429183;17037.4442;11919.6269;0.53;1032.8;1077.4;2
1777721431215;17037.4443;11919.6256;0.44;1032.8;1077.6;2
1777721433218;17037.4453;11919.6234;0.48;1032.8;1077.6;2
1777721435037;17037.4459;11919.6222;0.60;1032.8;1077.6;2
1777721436737;17037.4462;11919.6190;0.83;1032.8;1077.4;2
1777721438220;17037.4466;11919.6162;0.94;1032.8;1077.8;3
1777721439614;17037.4471;11919.6139;1.06;1032.8;1077.9;3
1777721441224;17037.4477;11919.6111;1.06;1032.8;1078.1;3
1777721442764;17037.4482;11919.6087;0.99;1037.7;1078.3;3
1777721444224;17037.4488;11919.6061;0.97;1037.7;1079.0;3
1777721446222;17037.4495;11919.6036;0.82;1037.7;1079.0;3
1777721448125;17037.4502;11919.6020;0.78;1037.7;1078.9;3
1777721598695;17037.4470;11919.4244;0.07;1072.9;1109.0;12
1777721600202;17037.4590;11919.4312;0.03;1072.9;1108.1;10
1777721602139;17037.4589;11919.4312;0.02;1072.9;1108.2;8
1777721604202;17037.4592;11919.4313;0.06;1072.9;1108.4;6
1777721606236;17037.4595;11919.4314;0.01;1072.9;1108.5;6
1777721608196;17037.4596;11919.4314;0.01;1072.9;1108.5;6
1777721609525;17037.4597;11919.4313;0.19;1072.9;1108.4;5
1777721867921;17037.4484;11919.3541;0.08;1074.0;1145.0;9
1777721869147;17037.4436;11919.2281;0.32;1073.5;1129.9;8
1777721871142;17037.4441;11919.2192;0.33;1073.5;1130.2;8
1777721873219;17037.4443;11919.2177;0.33;1073.5;1130.4;7
1777721875251;17037.4443;11919.2174;0.28;1073.5;1130.6;9
1777721876580;17037.4447;11919.2174;0.01;1073.5;1130.8;8
1777721878024;17037.4445;11919.2174;0.11;1073.5;1130.8;7
1777721879921;17037.4426;11919.2160;0.62;1085.2;1130.8;5
1777721881623;17037.4397;11919.2142;0.58;1085.2;1130.6;3
1777722252479;17037.4326;11918.6875;1.47;1088.3;1137.0;14
1777722254190;17037.4405;11918.6856;1.68;1088.3;1144.6;11
1777722256150;17037.4403;11918.6802;1.29;1088.3;1144.8;9
1777722258196;17037.4409;11918.6769;1.26;1088.3;1144.6;5
1777722259891;17037.4407;11918.6761;1.17;1088.3;1144.5;4
1777722261474;17037.4406;11918.6746;1.15;1088.3;1144.5;3
1777722262915;17037.4407;11918.6721;1.24;1088.3;1144.3;3
1777722264578;17037.4406;11918.6693;1.26;1088.3;1144.2;3
1777722266130;17037.4406;11918.6668;1.23;1087.9;1144.2;3
1777722267842;17037.4399;11918.6631;1.35;1087.9;1144.1;3
1777722269498;17037.4392;11918.6604;1.32;1087.9;1143.9;3
1777722271231;17037.4391;11918.6574;1.35;1087.9;1143.7;3
1777722273135;17037.4378;11918.6552;1.20;1087.9;1143.6;3
1777722274519;17037.4374;11918.6530;1.30;1087.9;1143.3;3
1777722276241;17037.4370;11918.6505;1.30;1087.9;1143.8;3
1777722277711;17037.4367;11918.6480;1.36;1087.9;1143.8;3
1777722279203;17037.4366;11918.6455;1.38;1087.9;1143.5;3
1777722280873;17037.4368;11918.6431;1.30;1087.9;1143.2;3
1777722282227;17037.4370;11918.6406;1.24;1087.9;1143.1;3
1777722283656;17037.4368;11918.6384;1.27;1088.2;1142.2;3
1777722285079;17037.4365;11918.6360;1.19;1088.2;1143.2;3
1777722286792;17037.4363;11918.6332;1.28;1088.2;1142.5;3
1777722288224;17037.4363;11918.6308;1.30;1088.2;1142.4;3
1777722289903;17037.4361;11918.6282;1.25;1088.2;1143.0;3
1777722291473;17037.4359;11918.6257;1.28;1088.2;1142.9;3
1777722293043;17037.4357;11918.6233;1.18;1088.2;1142.3;3
1777722294561;17037.4342;11918.6211;1.11;1088.2;1142.8;3
1777722296141;17037.4335;11918.6194;1.07;1088.2;1141.6;3
1777722297703;17037.4331;11918.6168;1.15;1088.2;1141.5;3
1777722299146;17037.4330;11918.6142;1.21;1088.2;1141.2;3
1777722300551;17037.4327;11918.6120;1.22;1088.2;1143.2;3
1777722302158;17037.4327;11918.6092;1.19;1089.4;1142.0;3
1777722303828;17037.4330;11918.6071;1.05;1089.4;1141.6;3
1777722305396;17037.4332;11918.6050;1.03;1089.4;1141.4;3
1777722307057;17037.4330;11918.6025;1.10;1089.4;1142.2;3
1777722308820;17037.4330;11918.5999;1.03;1089.4;1142.2;3
1777722310398;17037.4324;11918.5977;1.12;1089.4;1141.9;3
1777722312060;17037.4321;11918.5952;1.09;1089.4;1141.6;3
1777722313971;17037.4322;11918.5923;1.05;1089.4;1142.5;3
1777722315395;17037.4316;11918.5897;1.18;1089.4;1141.9;3
1777722317086;17037.4314;11918.5877;1.05;1089.4;1142.3;3
1777722318936;17037.4318;11918.5856;0.93;1089.4;1142.2;3
1777722320604;17037.4321;11918.5835;1.02;1089.4;1142.5;3
1777722322213;17037.4326;11918.5808;1.10;1092.6;1142.3;3
1777722323865;17037.4333;11918.5785;1.10;1092.6;1142.3;3
1777722325534;17037.4341;11918.5765;0.90;1092.6;1142.4;3
1777722327238;17037.4351;11918.5748;0.91;1092.6;1142.4;3
1777722328779;17037.4361;11918.5726;0.93;1092.6;1143.0;3
1777722330193;17037.4365;11918.5713;0.98;1092.6;1142.3;3
1777722331925;17037.4369;11918.5691;0.97;1092.6;1142.4;3
1777722333705;17037.4372;11918.5670;0.86;1092.6;1142.5;3
1777722335216;17037.4373;11918.5649;1.03;1092.6;1143.2;3
1777722336815;17037.4374;11918.5621;1.11;1092.6;1142.2;3
1777722338209;17037.4377;11918.5595;1.14;1092.6;1142.0;3
1777722339696;17037.4380;11918.5569;1.05;1092.6;1143.0;3
1777722341214;17037.4382;11918.5547;1.04;1092.6;1143.8;3
1777722342876;17037.4392;11918.5519;1.11;1098.0;1142.9;3
1777722344699;17037.4401;11918.5494;1.04;1098.0;1142.2;3
1777722346175;17037.4404;11918.5471;1.16;1098.0;1143.1;3
1777722349739;17037.4416;11918.5405;0.64;1098.0;1142.9;3
1777722351136;17037.4434;11918.5377;0.55;1098.0;1143.4;5
1777722353147;17037.4436;11918.5359;0.77;1098.0;1143.6;7
1777722355191;17037.4439;11918.5319;0.28;1098.0;1144.9;5
1777722357202;17037.4433;11918.5304;0.32;1098.0;1144.7;3
1777722358579;17037.4429;11918.5300;0.38;1098.0;1145.8;3
1777722360140;17037.4418;11918.5284;0.78;1098.0;1145.0;3
1777722362024;17037.4411;11918.5254;0.96;1104.0;1145.4;3
1777722363678;17037.4414;11918.5230;0.89;1104.0;1145.7;3
1777722365210;17037.4419;11918.5211;1.03;1104.0;1146.0;3
1777722366756;17037.4428;11918.5190;1.05;1104.0;1146.4;3
1777722368183;17037.4439;11918.5174;1.13;1104.0;1146.7;3
1777722369702;17037.4449;11918.5150;1.19;1104.0;1146.9;3
1777722371248;17037.4453;11918.5139;1.03;1104.0;1147.1;3
1777722373218;17037.4455;11918.5114;1.03;1104.0;1147.3;3
1777722374973;17037.4452;11918.5093;1.05;1104.0;1147.9;3
1777722376619;17037.4443;11918.5072;0.88;1104.0;1148.1;3
1777722378225;17037.4441;11918.5060;0.78;1104.0;1148.5;3
1777722380133;17037.4444;11918.5059;0.11;1104.0;1149.1;3
1777722382207;17037.4447;11918.5067;0.02;1104.0;1149.4;3
1777722384206;17037.4450;11918.5072;0.02;1104.0;1149.3;3
1777722385911;17037.4451;11918.5073;0.09;1104.0;1149.4;3
1777722388230;17037.4452;11918.5072;0.02;1104.0;1149.8;3
1777722389676;17037.4453;11918.5072;0.02;1104.0;1149.4;3
1777722391159;17037.4454;11918.5074;0.05;1104.0;1149.4;3
1777722393230;17037.4454;11918.5070;0.03;1104.0;1149.5;3
1777722395140;17037.4454;11918.5069;0.02;1104.0;1149.9;3
1777722397199;17037.4454;11918.5068;0.02;1104.0;1149.3;3
1777722399231;17037.4455;11918.5068;0.01;1104.0;1149.5;3
1777722400541;17037.4455;11918.5067;0.08;1104.0;1149.5;3
1777722679479;17037.6014;11918.1310;0.86;1122.3;1183.0;13
1777722681197;17037.5954;11918.1313;0.56;1122.3;1170.3;11
1777722683133;17037.5974;11918.1282;0.36;1122.3;1169.7;9
1777722685202;17037.5982;11918.1247;0.41;1122.3;1170.4;4
1777722686925;17037.5983;11918.1240;0.35;1122.3;1170.2;3
1777722689201;17037.5986;11918.1241;0.16;1122.3;1169.9;3
1777722690607;17037.5993;11918.1248;0.20;1122.3;1170.4;3
1777722845187;17037.6568;11917.9916;0.84;1136.9;1199.0;9
1777722847177;17037.6727;11917.9615;0.92;1138.0;1195.9;8
1777722849156;17037.6750;11917.9561;1.22;1138.0;1196.2;6
1777722851183;17037.6743;11917.9559;1.42;1138.0;1196.4;3
1777722852823;17037.6741;11917.9558;1.55;1138.0;1196.7;3
1777722854226;17037.6733;11917.9542;0.72;1138.0;1196.8;2
1777722855815;17037.6735;11917.9519;0.96;1138.0;1196.8;3
1777722857211;17037.6738;11917.9501;0.73;1138.0;1196.9;3
1777722858940;17037.6740;11917.9489;0.80;1138.0;1197.0;3
1777722861218;17037.6745;11917.9464;0.94;1138.0;1197.6;3
1777722863006;17037.6746;11917.9442;0.97;1138.0;1198.1;3
1777722864420;17037.6738;11917.9422;1.03;1138.0;1198.2;3
1777722866152;17037.6727;11917.9400;1.14;1138.0;1198.4;3
1777722868107;17037.6709;11917.9378;0.99;1138.9;1198.8;3
1777722869903;17037.6693;11917.9362;0.96;1138.9;1199.4;3
1777722871688;17037.6674;11917.9348;0.99;1138.9;1199.7;3
1777722873120;17037.6660;11917.9339;1.01;1138.9;1200.0;3
1777722874654;17037.6644;11917.9325;0.96;1138.9;1200.3;3
1777722876227;17037.6630;11917.9313;0.85;1138.9;1200.8;3
1777722878087;17037.6614;11917.9297;0.85;1138.9;1201.0;3
1777722879941;17037.6608;11917.9283;0.74;1138.9;1201.4;3
1777722881637;17037.6600;11917.9263;0.86;1138.9;1202.1;3
1777722883233;17037.6594;11917.9250;0.83;1138.9;1202.5;3
1777722884870;17037.6585;11917.9237;0.92;1138.9;1202.8;3
1777722886576;17037.6579;11917.9223;0.89;1138.9;1203.7;3
1777722888232;17037.6568;11917.9208;0.88;1138.9;1204.0;3
1777722889552;17037.6559;11917.9196;0.92;1138.9;1204.4;3
1777722891002;17037.6552;11917.9185;0.87;1138.9;1204.2;3
1777722892784;17037.6550;11917.9165;0.97;1138.9;1205.1;3
1777722894214;17037.6556;11917.9142;0.97;1138.9;1205.4;3
1777722895552;17037.6564;11917.9125;1.18;1138.9;1205.6;3
1777722897202;17037.6572;11917.9099;1.02;1143.7;1205.5;3
1777722898665;17037.6572;11917.9080;0.92;1143.7;1205.7;3
1777722900217;17037.6568;11917.9063;0.94;1143.7;1205.8;3
1777722901782;17037.6563;11917.9044;0.83;1143.7;1206.0;3
1777722991403;17037.7029;11917.8291;0.29;1165.4;1227.0;8
1777722993189;17037.6994;11917.8318;0.19;1165.4;1221.2;8
1777722995188;17037.6993;11917.8328;0.21;1165.4;1221.6;8
1777722997216;17037.7001;11917.8319;0.16;1165.4;1221.6;7
1777722998672;17037.7003;11917.8314;0.01;1165.4;1221.6;7
1777723000156;17037.7002;11917.8318;0.15;1165.4;1221.3;6
1777723085572;17037.6796;11917.7181;0.89;1178.9;1228.0;8
1777723087133;17037.6794;11917.7135;1.03;1178.9;1227.7;6
1777723170546;17037.6837;11917.6789;0.05;1182.6;1231.0;7
1777723170666;17037.6837;11917.6789;0.05;1182.6;1231.0;7
1777723172148;17037.6835;11917.6799;0.09;1182.6;1228.1;6
1777723174211;17037.6835;11917.6807;0.17;1182.6;1228.6;6
1777723176209;17037.6837;11917.6823;0.30;1182.6;1228.7;6
1777723178226;17037.6837;11917.6826;0.00;1182.6;1228.4;6
1777723180231;17037.6839;11917.6834;0.12;1182.6;1228.5;5
1777723182229;17037.6842;11917.6847;0.05;1179.2;1228.6;4
1777723184164;17037.6844;11917.6859;0.11;1179.2;1228.6;3
1777723186129;17037.6841;11917.6865;0.12;1179.2;1228.6;3
1777723188114;17037.6838;11917.6865;0.02;1179.2;1228.5;2
1777723190137;17037.6838;11917.6865;0.02;1179.2;1228.6;2
1777723283234;17037.6857;11917.6823;0.04;1182.6;1227.0;1
1777723284216;17037.6857;11917.6823;0.03;1182.6;1228.9;1
1777723286144;17037.6857;11917.6823;0.03;1182.6;1229.0;1
1777723288177;17037.6857;11917.6823;0.02;1182.6;1229.2;1
1777723290208;17037.6857;11917.6823;0.02;1182.6;1228.9;1
1777723292228;17037.6857;11917.6823;0.02;1182.6;1229.3;2
1777723294242;17037.6857;11917.6823;0.03;1182.6;1229.3;3
1777723296173;17037.6858;11917.6824;0.12;1182.6;1229.3;3
1777723298216;17037.6857;11917.6825;0.03;1182.6;1229.5;3
1777723300240;17037.6857;11917.6825;0.60;1182.6;1229.1;3
1777723302174;17037.6854;11917.6821;0.65;1182.6;1229.3;3
1777723303662;17037.6843;11917.6800;0.94;1182.6;1229.3;3
1777723305189;17037.6853;11917.6781;0.74;1182.6;1229.1;3
1777723307248;17037.6858;11917.6786;0.53;1182.6;1229.1;3
1777723309095;17037.6856;11917.6778;0.36;1182.6;1229.3;3
1777723310720;17037.6854;11917.6769;0.59;1182.6;1229.3;3
1777723312191;17037.6859;11917.6752;0.78;1182.6;1229.4;3
1777723313819;17037.6868;11917.6737;0.85;1182.6;1229.3;3
1777723315151;17037.6873;11917.6724;0.87;1182.6;1229.3;3
1777723316729;17037.6879;11917.6707;1.00;1182.6;1229.4;3
1777723318180;17037.6884;11917.6695;0.91;1182.6;1229.7;3
1777723320094;17037.6895;11917.6676;1.05;1182.6;1229.7;3
1777723322097;17037.6907;11917.6656;1.05;1182.6;1230.0;3
1777723323899;17037.6916;11917.6638;1.01;1182.6;1229.9;3
1777723326039;17037.6929;11917.6612;1.06;1182.6;1230.6;3
1777723357319;17037.7164;11917.6254;0.86;1191.8;1236.0;8
1777723359215;17037.7155;11917.6234;0.79;1191.8;1235.3;7
1777723361148;17037.7172;11917.6201;0.72;1191.8;1235.3;6
1777723363219;17037.7187;11917.6174;0.59;1191.8;1235.4;3
1777723365019;17037.7195;11917.6169;0.94;1191.8;1235.5;3
1777723366936;17037.7205;11917.6154;0.93;1191.8;1235.5;3
1777723368507;17037.7225;11917.6135;1.05;1191.8;1235.8;3
1777724236247;17037.7811;11917.5160;0.20;1196.6;1236.0;12
1777726093165;17038.2363;11917.0335;0.36;1259.9;1321.0;2
1777726093281;17038.2363;11917.0335;0.36;1259.9;1321.0;2
1777726094168;17038.2359;11917.0305;0.52;1259.9;1321.0;3
1777726096189;17038.2373;11917.0271;0.73;1275.7;1321.0;3
1777726098212;17038.2394;11917.0247;0.85;1275.7;1321.0;3
1777726099868;17038.2401;11917.0238;1.58;1275.7;1320.0;3
1777726101478;17038.2405;11917.0217;0.97;1275.7;1320.0;3
1777726454661;17038.4801;11917.1079;0.39;1256.7;1332.0;10
1777726456214;17038.4792;11917.1068;0.02;1256.7;1327.0;7
1777726458135;17038.4792;11917.1068;0.78;1256.7;1327.0;5
1777726460195;17038.4791;11917.1067;0.51;1256.7;1327.8;3
1777726462211;17038.4791;11917.1065;0.01;1256.7;1327.0;3
1777726464205;17038.4791;11917.1065;0.01;1256.7;1327.9;3
1777726466214;17038.4791;11917.1065;0.02;1256.7;1327.7;3
1777726468690;17038.4790;11917.1065;0.02;1256.7;1327.9;3
1777726470143;17038.4788;11917.1063;0.03;1256.7;1327.8;3
1777726472137;17038.4787;11917.1062;0.03;1256.7;1327.8;3
1777726494283;17038.4769;11917.1078;0.16;1256.7;1332.0;3
1777726496196;17038.4768;11917.1080;0.07;1256.7;1330.8;3
1777726498208;17038.4765;11917.1080;0.11;1256.7;1330.9;3
1777726500164;17038.4763;11917.1080;0.08;1256.7;1330.9;3
1777726502253;17038.4761;11917.1081;0.09;1256.7;1330.9;3
1777726504123;17038.4760;11917.1083;0.09;1256.7;1330.9;3
1777726506135;17038.4755;11917.1077;0.02;1256.7;1330.9;3
1777726589296;17038.5138;11917.0976;0.48;1276.7;1320.0;2
1777726590192;17038.5147;11917.0970;0.29;1276.7;1329.7;2
1777726592201;17038.5161;11917.0962;0.42;1276.7;1329.7;2
1777726594226;17038.5175;11917.0955;0.54;1276.7;1329.7;2
1777726595619;17038.5186;11917.0949;0.70;1276.7;1329.7;3
1777726597161;17038.5189;11917.0949;0.15;1276.7;1329.6;3
1777726599116;17038.5188;11917.0950;0.07;1276.7;1329.7;3
1777726601120;17038.5190;11917.0950;0.08;1276.7;1330.1;3
1777726603120;17038.5192;11917.0951;0.08;1276.7;1329.1;3
1777726605160;17038.5194;11917.0951;0.08;1276.7;1329.1;3
1777726607202;17038.5194;11917.0952;0.07;1276.7;1330.1;3
1777726609192;17038.5194;11917.0953;0.07;1276.7;1330.1;3
1777726611145;17038.5193;11917.0954;0.07;1276.7;1330.0;3
1777726613224;17038.5192;11917.0954;0.07;1276.7;1328.9;3
1777726614632;17038.5193;11917.0954;0.11;1276.7;1329.0;3
1777726616184;17038.5200;11917.0952;0.50;1276.7;1329.9;3
1777726617686;17038.5225;11917.0951;0.80;1275.7;1329.9;3
1777726619218;17038.5243;11917.0944;0.91;1275.7;1329.0;3
1777726620796;17038.5262;11917.0933;0.93;1275.7;1329.1;3
1777726622199;17038.5279;11917.0924;0.94;1275.7;1329.1;3
1777726623816;17038.5297;11917.0915;0.93;1275.7;1329.2;3
1777726625214;17038.5309;11917.0911;0.50;1275.7;1329.2;3
1777726626624;17038.5313;11917.0912;0.58;1275.7;1324.0;3
1777726628236;17038.5325;11917.0911;0.73;1275.7;1323.3;3
1777726630205;17038.5345;11917.0909;0.65;1275.7;1324.7;3
1777726631568;17038.5356;11917.0897;0.71;1275.7;1324.7;3
1777726633203;17038.5365;11917.0899;0.57;1275.7;1324.5;3
1777726634585;17038.5380;11917.0902;1.00;1275.7;1324.1;3
1777726636132;17038.5399;11917.0899;0.90;1275.7;1325.1;3
1777726637594;17038.5415;11917.0894;0.91;1275.7;1325.6;3
1777726639170;17038.5426;11917.0887;0.70;1275.7;1325.2;3
1777726640750;17038.5440;11917.0883;0.72;1275.7;1325.3;3
1777726642215;17038.5449;11917.0886;0.50;1275.7;1326.5;3
1777726643603;17038.5461;11917.0892;0.81;1275.7;1326.6;3
1777726645200;17038.5478;11917.0902;0.92;1275.7;1326.6;3
1777726646543;17038.5486;11917.0911;0.93;1275.7;1326.2;3
1777726648136;17038.5494;11917.0926;0.83;1275.7;1327.2;3
1777726649972;17038.5505;11917.0938;0.81;1284.0;1326.9;3
1777726651734;17038.5526;11917.0953;0.86;1284.0;1326.9;3
1777726653123;17038.5537;11917.0957;0.66;1284.0;1327.8;3
1777726655036;17038.5544;11917.0967;0.70;1284.0;1328.0;3
1777726656424;17038.5545;11917.0979;0.83;1284.0;1328.0;3
1777726658110;17038.5549;11917.0992;0.87;1284.0;1328.2;3
1777726659512;17038.5557;11917.1012;0.99;1284.0;1329.0;3
1777726661140;17038.5564;11917.1031;0.97;1284.0;1328.9;3
1777726662687;17038.5568;11917.1051;0.95;1266.9;1328.8;3
1777726664213;17038.5570;11917.1069;0.96;1266.9;1329.0;3
1777726665924;17038.5573;11917.1092;0.91;1266.9;1329.0;3
1777726667487;17038.5574;11917.1108;0.87;1266.9;1328.6;3
1777726669206;17038.5579;11917.1126;0.89;1266.9;1328.9;3
1777726671049;17038.5590;11917.1148;1.05;1266.9;1328.8;3
1777726672700;17038.5606;11917.1169;1.04;1266.9;1328.3;3
1777726674238;17038.5620;11917.1183;1.03;1266.9;1327.8;3
1777726675708;17038.5634;11917.1198;1.07;1266.9;1328.6;3
1777726677234;17038.5650;11917.1212;0.98;1266.9;1328.1;3
1777726678567;17038.5668;11917.1228;1.06;1266.9;1328.0;3
1777726680185;17038.5683;11917.1235;0.97;1266.9;1328.1;3
1777726681680;17038.5700;11917.1239;0.91;1266.9;1328.2;3
1777726683163;17038.5706;11917.1238;0.55;1266.9;1328.7;3
1777726685232;17038.5719;11917.1238;0.69;1266.9;1328.6;3
1777726686853;17038.5729;11917.1240;0.59;1266.9;1328.6;3
1777726688589;17038.5737;11917.1242;0.57;1266.9;1329.0;3
1777726690027;17038.5745;11917.1242;0.49;1266.9;1329.6;3
1777726691944;17038.5751;11917.1242;0.46;1266.9;1331.1;3
1777726693445;17038.5757;11917.1239;0.58;1266.9;1330.2;3
1777726695215;17038.5766;11917.1238;0.46;1279.3;1331.4;3
1777726697200;17038.5778;11917.1239;0.55;1279.3;1332.2;3
1777726698946;17038.5793;11917.1235;0.61;1279.3;1332.5;3
1777726700360;17038.5804;11917.1234;0.55;1279.3;1331.5;3
1777726702124;17038.5817;11917.1228;0.63;1279.3;1333.2;3
1777726703596;17038.5823;11917.1223;0.46;1279.3;1333.7;3
1777726705180;17038.5835;11917.1226;0.52;1279.3;1333.6;3
1777726706987;17038.5851;11917.1234;0.65;1279.3;1333.6;3
1777726708757;17038.5870;11917.1238;0.78;1279.3;1334.1;3
1777726710188;17038.5887;11917.1241;0.95;1279.3;1334.0;3
1777726711527;17038.5906;11917.1241;1.07;1279.3;1333.6;3
1777726713211;17038.5936;11917.1240;1.12;1279.3;1333.5;3
1777726714902;17038.5954;11917.1238;1.10;1279.3;1334.0;3
1777726716385;17038.5970;11917.1238;1.04;1279.3;1333.6;3
1777726717902;17038.5990;11917.1236;1.18;1279.3;1333.5;3
1777726719511;17038.6009;11917.1230;1.17;1279.3;1333.3;3
1777726721203;17038.6031;11917.1224;1.02;1279.3;1332.9;3
1777726722810;17038.6052;11917.1221;1.12;1288.6;1333.3;3
1777726724227;17038.6071;11917.1219;1.14;1288.6;1333.2;3
1777726725831;17038.6093;11917.1217;1.06;1288.6;1333.4;3
1777726727223;17038.6113;11917.1213;1.08;1288.6;1333.5;3
1777726728680;17038.6128;11917.1211;1.06;1288.6;1333.6;3
1777726730196;17038.6144;11917.1209;0.86;1288.6;1334.0;3
1777726731640;17038.6158;11917.1206;0.90;1288.6;1334.1;3
1777726733130;17038.6168;11917.1205;0.93;1288.6;1334.0;3
1777726734632;17038.6185;11917.1204;0.79;1288.6;1334.8;3
1777726736224;17038.6198;11917.1204;0.86;1288.6;1335.0;3
1777726737765;17038.6212;11917.1196;0.83;1288.6;1334.9;3
1777726739129;17038.6223;11917.1194;0.67;1288.6;1335.6;3
1777726740827;17038.6235;11917.1194;0.47;1288.6;1335.8;3
1777726742636;17038.6243;11917.1197;0.26;1288.6;1336.1;3
1777726744222;17038.6248;11917.1199;0.33;1288.6;1336.4;3
1777726745818;17038.6251;11917.1199;0.21;1288.6;1336.5;3
1777726747222;17038.6254;11917.1199;0.32;1288.6;1337.3;3
1777726748940;17038.6268;11917.1203;0.59;1288.6;1337.4;3
1777726750849;17038.6283;11917.1206;0.64;1288.6;1337.7;3
1777726752798;17038.6297;11917.1205;0.57;1288.6;1337.6;3
1777726754216;17038.6305;11917.1202;0.50;1288.6;1337.7;3
1777726755864;17038.6320;11917.1201;0.78;1288.6;1338.0;3
1777726757610;17038.6339;11917.1200;0.76;1297.6;1339.2;3
1777726759195;17038.6350;11917.1205;0.65;1297.6;1339.6;3
1777726760859;17038.6364;11917.1215;0.78;1297.6;1339.8;3
1777726762273;17038.6383;11917.1226;0.80;1297.6;1339.8;3
1777726764123;17038.6401;11917.1242;0.98;1297.6;1339.8;3
1777726766012;17038.6416;11917.1259;0.91;1297.6;1340.2;3
1777726767589;17038.6434;11917.1277;1.08;1297.6;1340.8;3
1777726769120;17038.6454;11917.1291;0.93;1297.6;1341.0;3
1777726770515;17038.6464;11917.1300;0.76;1297.6;1341.1;3
1777726772202;17038.6478;11917.1303;0.62;1297.6;1341.3;3
1777726773711;17038.6496;11917.1304;0.85;1297.6;1341.0;3
1777726775221;17038.6513;11917.1302;0.69;1297.6;1341.3;3
1777726777218;17038.6533;11917.1305;0.66;1297.6;1340.7;3
1777726779020;17038.6552;11917.1308;0.83;1297.6;1342.1;3
1777726780435;17038.6569;11917.1317;0.93;1297.6;1341.4;3
1777726782144;17038.6592;11917.1322;1.03;1297.6;1342.7;3
1777726783588;17038.6607;11917.1319;0.80;1297.6;1342.5;3
1777726785214;17038.6623;11917.1319;0.76;1310.2;1342.5;3
1777726786639;17038.6637;11917.1319;0.84;1310.2;1343.1;3
1777726788217;17038.6656;11917.1313;0.93;1310.2;1343.3;3
1777726790199;17038.6679;11917.1307;0.89;1310.2;1343.6;3
1777726792221;17038.6700;11917.1305;0.76;1310.2;1345.3;3
1777726794195;17038.6721;11917.1304;0.87;1310.2;1344.9;3
1777726795637;17038.6735;11917.1299;0.82;1310.2;1345.2;3
1777726797158;17038.6747;11917.1300;0.60;1310.2;1345.9;3
1777726798683;17038.6757;11917.1298;0.61;1310.2;1346.1;3
1777726800050;17038.6765;11917.1296;0.62;1310.2;1346.3;3
1777726801884;17038.6776;11917.1295;0.72;1310.2;1347.2;3
1777726803697;17038.6793;11917.1303;0.77;1310.2;1347.6;3
1777726805192;17038.6800;11917.1308;0.44;1310.2;1347.6;3
1777726806847;17038.6804;11917.1310;0.48;1310.2;1348.0;3
1777726808268;17038.6811;11917.1315;0.54;1310.2;1348.4;3
1777726809836;17038.6823;11917.1319;0.67;1310.2;1348.6;3
1777726811954;17038.6841;11917.1320;0.70;1310.2;1348.9;3
1777726813429;17038.6856;11917.1316;0.71;1310.2;1349.1;3
1777726815000;17038.6870;11917.1315;0.72;1310.2;1349.7;3
1777726816733;17038.6886;11917.1325;0.76;1310.2;1349.1;3
1777726818198;17038.6899;11917.1339;0.78;1328.3;1349.9;3
1777726820192;17038.6910;11917.1356;0.59;1328.3;1350.2;3
1777726821916;17038.6914;11917.1374;0.86;1328.3;1351.1;3
1777726823259;17038.6915;11917.1395;0.88;1315.5;1351.1;3
1777726824675;17038.6910;11917.1413;0.93;1315.5;1351.2;3
1777726826159;17038.6904;11917.1430;0.88;1315.5;1351.3;3
1777726828099;17038.6898;11917.1455;0.92;1315.5;1350.9;3
1777726830011;17038.6897;11917.1476;0.90;1315.5;1351.6;3
1777726831983;17038.6891;11917.1500;1.00;1315.5;1351.6;3
1777726833811;17038.6883;11917.1525;1.02;1293.9;1351.8;3
1777726835715;17038.6873;11917.1547;0.95;1293.9;1352.5;3
1777726837235;17038.6869;11917.1564;0.95;1293.9;1352.6;3
1777726839199;17038.6865;11917.1581;0.88;1293.9;1353.2;3
1777726841044;17038.6865;11917.1597;0.84;1293.9;1353.3;3
1777726842819;17038.6867;11917.1615;0.87;1293.9;1353.1;3
1777726844715;17038.6874;11917.1632;0.86;1293.9;1353.7;3
1777726846183;17038.6882;11917.1644;0.88;1315.5;1355.0;3
1777726847544;17038.6891;11917.1655;0.94;1315.5;1355.2;3
1777726848951;17038.6895;11917.1670;0.88;1315.5;1355.4;3
1777726850916;17038.6899;11917.1693;0.85;1307.8;1355.8;3
1777726852375;17038.6899;11917.1708;0.57;1307.8;1356.0;3
1777726853843;17038.6903;11917.1719;0.62;1307.8;1356.2;3
1777726856211;17038.6908;11917.1728;0.39;1307.8;1356.8;3
1777726858730;17038.6907;11917.1723;0.12;1307.8;1357.3;2
1777726860121;17038.6907;11917.1720;0.06;1307.8;1356.7;2
1777726862214;17038.6908;11917.1720;0.01;1307.8;1356.6;2
1777726924955;17038.7047;11917.2173;0.63;1303.6;1355.0;2
1777726926147;17038.7035;11917.2190;0.47;1303.6;1352.6;2
1777726928186;17038.7027;11917.2208;0.72;1303.6;1352.7;2
1777726930176;17038.7015;11917.2220;0.64;1303.6;1352.3;2
1777726932167;17038.7004;11917.2229;0.86;1303.6;1352.2;3
1777726933539;17038.6993;11917.2237;0.95;1303.6;1352.9;3
1777726935176;17038.6976;11917.2254;0.92;1300.8;1352.8;3
1777726936775;17038.6969;11917.2274;0.78;1300.8;1352.6;3
1777726938184;17038.6963;11917.2290;0.71;1300.8;1352.7;3
1777726940164;17038.6958;11917.2315;0.83;1300.8;1354.0;3
1777727225639;17038.8728;11917.2861;0.90;1337.9;1377.0;6
1777727225766;17038.8728;11917.2861;0.90;1337.9;1377.0;6
1777727227165;17038.8734;11917.2836;0.39;1337.9;1369.3;4
1777727229214;17038.8771;11917.2828;0.23;1337.9;1370.2;4
1777727231220;17038.8767;11917.2841;0.27;1337.9;1370.2;4
1777727232834;17038.8774;11917.2854;0.81;1337.9;1370.3;4
1777727476875;17039.0026;11917.4446;1.67;1350.1;1396.0;5
1777727477050;17039.0026;11917.4446;1.67;1350.1;1396.0;5
1777727478172;17039.0026;11917.4465;0.62;1350.1;1394.2;4
1777727480181;17039.0027;11917.4474;0.59;1350.1;1394.1;4
1777727482191;17039.0027;11917.4476;0.50;1350.1;1394.8;4
1777727484194;17039.0027;11917.4476;0.40;1350.1;1393.6;4
1777727486118;17039.0031;11917.4478;0.00;1350.1;1394.4;4
1777727488137;17039.0034;11917.4477;0.01;1350.1;1394.4;4
1777727490182;17039.0035;11917.4477;0.02;1350.1;1394.2;3
1777727492127;17039.0036;11917.4477;0.02;1350.1;1394.2;3
1777727494170;17039.0037;11917.4477;0.03;1350.1;1393.8;3
1777727496195;17039.0047;11917.4476;0.23;1350.1;1393.7;3
1777729569615;17039.2621;11918.9701;0.22;1209.4;1240.0;15
1777729569943;17039.2621;11918.9701;0.22;1209.4;1240.0;15
1777729571152;17039.2630;11918.9736;0.48;1209.4;1243.0;11
1777729573111;17039.2610;11918.9689;0.77;1209.4;1242.0;6
1777729575173;17039.2622;11918.9617;1.40;1227.9;1239.0;5
1777729577171;17039.2633;11918.9589;1.56;1227.9;1240.0;6
1777729579173;17039.2642;11918.9591;0.19;1227.9;1233.0;6
1777729581066;17039.2641;11918.9596;0.12;1227.9;1231.0;5
1777729583128;17039.2634;11918.9651;0.19;1209.4;1234.0;4
1777729585131;17039.2629;11918.9675;0.11;1209.4;1235.0;3
1777729637528;17039.2658;11918.9772;0.09;1209.4;1232.0;2
1777729639176;17039.2658;11918.9772;0.08;1209.4;1232.0;2
1777729641199;17039.2655;11918.9779;0.15;1209.4;1231.9;2
1777729643170;17039.2644;11918.9785;0.43;1209.4;1232.0;2
1777729644778;17039.2641;11918.9788;0.66;1209.4;1232.0;2
1777729646148;17039.2640;11918.9794;0.21;1209.4;1232.0;2
1777729648150;17039.2628;11918.9823;0.81;1209.4;1232.0;2
1777729649851;17039.2633;11918.9838;0.69;1209.4;1231.8;3
1777729651294;17039.2640;11918.9850;0.65;1209.4;1232.0;3
1777729653195;17039.2648;11918.9853;0.37;1209.4;1231.5;3
1777729655103;17039.2653;11918.9852;0.28;1209.4;1231.1;3
1777729656664;17039.2653;11918.9853;0.36;1209.4;1231.2;3
1777729658127;17039.2664;11918.9864;0.81;1209.4;1231.1;3
1777729659880;17039.2674;11918.9878;0.81;1209.4;1231.0;3
1777729661460;17039.2680;11918.9880;0.53;1209.4;1230.1;3
1777729663190;17039.2688;11918.9887;0.45;1209.4;1229.4;3
1777729665197;17039.2692;11918.9896;0.26;1209.4;1229.4;3
1777729666960;17039.2697;11918.9901;0.28;1209.4;1229.3;3
1777729669171;17039.2700;11918.9903;0.15;1209.4;1229.4;3
1777729670608;17039.2702;11918.9901;0.15;1209.4;1229.0;3
1777729672200;17039.2705;11918.9897;0.17;1209.4;1228.6;3
1777729673615;17039.2706;11918.9893;0.14;1209.4;1228.6;3
1777729675059;17039.2709;11918.9887;0.17;1209.4;1228.7;3
1777729677128;17039.2721;11918.9873;0.51;1209.4;1228.1;3
1777729678966;17039.2721;11918.9868;0.50;1209.4;1227.2;3
1777729680322;17039.2721;11918.9868;0.47;1209.4;1226.5;3
1777729681874;17039.2729;11918.9862;0.77;1209.4;1226.4;3
1777729683771;17039.2737;11918.9852;0.76;1199.7;1226.0;3
1777729685188;17039.2742;11918.9845;0.69;1199.7;1225.9;3
1777729686989;17039.2743;11918.9852;0.47;1199.7;1225.0;3
1777729688695;17039.2734;11918.9856;0.26;1199.7;1224.5;3
1777729690163;17039.2730;11918.9858;0.21;1209.4;1224.0;3
1777729691999;17039.2723;11918.9862;0.24;1209.4;1223.2;3
1777729693677;17039.2719;11918.9867;0.26;1209.4;1223.0;3
1777729695192;17039.2715;11918.9888;0.68;1209.4;1223.0;3
1777729696996;17039.2716;11918.9907;0.84;1209.4;1222.5;3
1777729698518;17039.2717;11918.9928;1.04;1209.4;1222.0;3
1777729700213;17039.2735;11918.9944;1.10;1177.5;1221.8;3
1777729701948;17039.2749;11918.9927;0.93;1199.7;1222.0;3
1777729703474;17039.2748;11918.9927;0.44;1199.7;1221.5;3
1777729705163;17039.2746;11918.9927;0.31;1199.7;1221.4;3
1777729707124;17039.2743;11918.9923;0.11;1199.7;1221.1;3
1777729708633;17039.2742;11918.9921;0.12;1199.7;1221.1;3
1777729710211;17039.2744;11918.9923;0.10;1199.7;1221.0;3
1777729711928;17039.2744;11918.9924;0.11;1199.7;1220.5;3
1777729713790;17039.2745;11918.9923;0.22;1199.7;1220.8;3
1777729715199;17039.2751;11918.9920;0.33;1199.7;1220.7;3
1777729716644;17039.2753;11918.9926;0.31;1199.7;1220.5;3
1777729718144;17039.2755;11918.9935;0.38;1199.7;1220.4;3
1777729719919;17039.2763;11918.9942;0.50;1177.5;1219.7;3
1777729721390;17039.2763;11918.9948;0.34;1177.5;1219.5;3
1777729722817;17039.2761;11918.9954;0.32;1177.5;1218.7;3
1777729724223;17039.2758;11918.9960;0.30;1177.5;1218.4;3
1777729726169;17039.2745;11918.9965;0.54;1177.5;1218.1;3
1777729727789;17039.2738;11918.9973;0.61;1177.5;1218.2;3
1777729729202;17039.2742;11918.9980;0.69;1177.5;1217.3;3
1777729730632;17039.2749;11918.9989;0.72;1177.5;1217.2;3
1777729732184;17039.2758;11918.9992;0.74;1177.5;1217.2;3
1777729734182;17039.2757;11918.9988;0.21;1177.5;1215.8;3
1777729735620;17039.2760;11918.9990;0.35;1177.5;1215.9;3
1777729737204;17039.2765;11918.9991;0.28;1177.5;1215.7;3
1777729738548;17039.2769;11918.9991;0.22;1177.5;1215.7;3
1777729740185;17039.2772;11918.9996;0.31;1177.5;1214.8;3
1777729741672;17039.2770;11919.0001;0.18;1177.5;1214.3;3
1777729743204;17039.2769;11919.0006;0.24;1177.5;1214.1;3
1777729745183;17039.2767;11919.0011;0.14;1177.5;1213.3;3
1777729746555;17039.2766;11919.0016;0.31;1177.5;1213.4;3
1777729748167;17039.2770;11919.0024;0.36;1177.5;1213.6;3
1777729750207;17039.2780;11919.0035;0.53;1177.5;1212.7;3
1777729752148;17039.2777;11919.0050;0.56;1177.5;1212.4;3
1777729753927;17039.2768;11919.0059;0.64;1177.5;1212.1;3
1777729755222;17039.2762;11919.0065;0.53;1177.5;1212.0;3
1777729756867;17039.2762;11919.0077;0.85;1177.5;1211.4;3
1777729758592;17039.2771;11919.0095;0.88;1177.5;1211.0;3
1777729760068;17039.2784;11919.0107;0.93;1177.5;1211.0;3
1777729761493;17039.2791;11919.0118;0.78;1177.5;1210.5;3
1777729763084;17039.2801;11919.0115;0.75;1177.5;1210.0;3
1777729765215;17039.2812;11919.0107;0.61;1177.5;1209.2;3
1777729766686;17039.2823;11919.0103;0.65;1177.5;1209.1;3
1777729768194;17039.2832;11919.0104;0.47;1177.5;1208.9;3
1777729770187;17039.2841;11919.0105;0.22;1177.5;1207.8;3
1777729771719;17039.2848;11919.0104;0.37;1177.5;1207.6;3
1777729773210;17039.2860;11919.0105;0.51;1177.5;1207.6;3
1777729774587;17039.2867;11919.0122;0.74;1177.5;1207.5;3
1777729776242;17039.2878;11919.0142;0.90;1177.5;1207.1;3
1777729778187;17039.2892;11919.0143;0.46;1177.5;1206.4;3
1777729779915;17039.2893;11919.0146;0.30;1177.5;1206.3;3
1777729781496;17039.2890;11919.0149;0.23;1177.5;1205.8;3
1777729783213;17039.2889;11919.0150;0.23;1177.5;1205.3;3
1777729784716;17039.2891;11919.0148;0.26;1177.5;1204.9;3
1777729786183;17039.2898;11919.0146;0.39;1177.5;1204.7;3
1777729787679;17039.2906;11919.0143;0.43;1177.5;1204.6;3
1777729789147;17039.2920;11919.0141;0.61;1177.5;1204.2;3
1777729790837;17039.2939;11919.0141;0.69;1177.5;1203.7;3
1777729793185;17039.2942;11919.0143;0.22;1177.5;1202.4;3
1777729794967;17039.2937;11919.0145;0.07;1177.5;1202.4;3
1777729796649;17039.2938;11919.0147;0.11;1177.5;1202.2;3
1777729798169;17039.2938;11919.0150;0.03;1177.5;1202.4;3
1777729800164;17039.2939;11919.0151;0.07;1177.5;1203.0;3
1777729801728;17039.2939;11919.0153;0.08;1177.5;1202.7;3
1777731546131;17039.1178;11919.7168;0.60;1022.5;1085.0;10
1777731546454;17039.1178;11919.7168;0.60;1022.5;1085.0;10
1777731548254;17039.1242;11919.7171;4.63;1015.5;1085.0;8
1777731550132;17039.1232;11919.7181;0.66;1015.5;1079.0;5
1777731552123;17039.1233;11919.7181;0.61;1015.5;1079.0;4
1777731554115;17039.1227;11919.7179;0.01;1015.5;1078.0;4
1777731556183;17039.1227;11919.7179;0.01;1015.5;1079.0;4
1777731558124;17039.1226;11919.7179;0.02;1015.5;1079.0;3
1777731560135;17039.1225;11919.7180;0.03;1015.5;1078.0;3
1777731562120;17039.1224;11919.7180;0.02;1015.5;1078.0;3
1777731564197;17039.1224;11919.7179;0.02;1015.5;1077.0;4
1777731566192;17039.1222;11919.7179;0.03;1015.5;1077.0;4
1777731568217;17039.1202;11919.7182;0.19;1022.5;1078.0;3
1777731571357;17039.1175;11919.7198;0.35;1022.5;1077.0;3
1777732096957;17039.2796;11920.3078;0.40;936.9;1005.0;9
1777732097298;17039.2796;11920.3078;0.40;936.9;1005.0;9
1777732098162;17039.2858;11920.3040;0.23;945.2;1005.2;9
1777732100133;17039.2840;11920.3031;0.12;945.2;1005.6;7
1777732102161;17039.2831;11920.3051;0.25;936.9;1005.4;5
1777732104178;17039.2830;11920.3055;0.15;936.9;1005.4;5
1777732286068;17039.2208;11920.3309;0.81;915.8;963.0;10
1777732287120;17039.2353;11920.3691;0.93;921.8;977.8;8
1777732289125;17039.2379;11920.3720;0.79;921.8;977.5;6
1777732291189;17039.2368;11920.3748;0.70;921.8;977.5;4
1777732292745;17039.2362;11920.3765;1.07;921.8;977.5;3
1777732294134;17039.2354;11920.3785;1.08;921.8;977.4;3
1777732295501;17039.2350;11920.3805;1.05;921.8;977.4;3
1777732297109;17039.2352;11920.3825;0.94;921.8;977.3;3
1777732298802;17039.2352;11920.3843;0.98;921.8;973.3;3
1777732300207;17039.2346;11920.3860;1.06;921.8;972.9;3
1777732302131;17039.2329;11920.3888;1.14;916.6;971.9;3
1777732303720;17039.2314;11920.3909;1.10;916.6;970.8;3
1777732305146;17039.2301;11920.3929;1.16;916.6;971.8;3
1777732552499;17039.0529;11920.7382;1.19;906.5;970.0;11
1777732554144;17039.0453;11920.7433;1.33;906.5;956.8;9
1777732556121;17039.0430;11920.7423;0.38;906.5;957.5;8
1777732558109;17039.0426;11920.7415;0.21;906.5;956.4;5
1777732560170;17039.0426;11920.7415;0.17;906.5;957.3;3
1777732562178;17039.0427;11920.7415;0.07;906.5;958.7;3
1777732564176;17039.0427;11920.7415;0.05;906.5;957.6;3
1777732566167;17039.0427;11920.7415;0.06;906.5;959.0;3
1777732568189;17039.0427;11920.7418;0.08;906.5;958.9;3
1777732570204;17039.0427;11920.7422;0.01;906.5;958.9;3
1777732572214;17039.0427;11920.7424;0.05;906.5;958.9;3
1777732574169;17039.0428;11920.7425;0.01;906.5;958.8;3
1777732576163;17039.0427;11920.7425;0.05;906.5;958.9;3
1777732578182;17039.0426;11920.7429;0.00;906.5;958.7;3
1777732580123;17039.0425;11920.7431;0.02;906.5;958.7;3
1777732582179;17039.0424;11920.7433;0.02;906.5;958.8;3
1777732584185;17039.0423;11920.7434;0.02;906.5;959.9;3
1777732586187;17039.0423;11920.7434;0.03;906.5;960.0;3
1777732588186;17039.0423;11920.7435;0.03;906.5;960.0;3
1777732590196;17039.0423;11920.7435;0.04;906.5;960.0;3
1777732592182;17039.0423;11920.7436;0.04;906.5;960.0;3
1777732594177;17039.0423;11920.7436;0.03;906.5;959.9;3
1777732596162;17039.0422;11920.7436;0.03;906.5;959.9;3
1777732598195;17039.0422;11920.7436;0.80;906.5;959.0;3
1777732599619;17039.0417;11920.7445;0.94;906.5;958.9;3
1777732601172;17039.0396;11920.7456;0.88;906.5;959.9;3
1777732602906;17039.0376;11920.7467;1.00;916.8;958.9;3
1777732604635;17039.0370;11920.7499;1.09;909.7;958.9;3
1777732606133;17039.0362;11920.7521;1.21;909.7;958.9;3
1777732607784;17039.0352;11920.7545;1.26;909.7;958.6;3
1777732609186;17039.0341;11920.7564;1.30;909.7;958.7;3
1777732610980;17039.0333;11920.7590;1.26;909.7;958.3;3
1777732612406;17039.0319;11920.7609;1.35;909.7;958.2;3
1777732614140;17039.0305;11920.7636;1.33;909.7;958.1;3
1777732615589;17039.0296;11920.7656;1.26;909.7;957.8;3
1777732617174;17039.0283;11920.7679;1.27;909.7;957.4;3
1777732618910;17039.0264;11920.7700;1.21;909.7;957.4;3
1777732620515;17039.0257;11920.7721;1.27;909.7;957.1;3
1777732622096;17039.0254;11920.7745;1.24;909.7;956.6;3
1777732623692;17039.0251;11920.7771;1.24;904.0;956.0;3
1777732625187;17039.0245;11920.7789;1.21;904.0;954.8;3
1777732626921;17039.0235;11920.7810;1.20;904.0;954.4;3
1777732628502;17039.0226;11920.7828;1.27;904.0;953.8;3
1777732630156;17039.0219;11920.7852;1.27;904.0;954.0;3
1777732631733;17039.0215;11920.7879;1.35;904.0;953.9;3
1777732633184;17039.0211;11920.7901;1.27;904.0;953.3;3
1777732634871;17039.0201;11920.7924;1.22;904.0;953.3;3
1777732636480;17039.0198;11920.7946;1.21;904.0;952.6;3
1777732638098;17039.0198;11920.7969;1.27;904.0;952.7;3
1777732640095;17039.0189;11920.7996;1.25;904.0;952.4;3
1777732641779;17039.0175;11920.8019;1.27;904.0;951.9;3
1777732643179;17039.0171;11920.8040;1.18;898.1;951.7;3
1777732743111;17038.9902;11920.9322;0.01;889.8;940.3;14
1777732745141;17038.9889;11920.9292;0.17;889.8;940.9;12
1777732748199;17038.9787;11920.9296;0.18;889.8;940.7;9
1777732750194;17038.9777;11920.9300;0.47;889.8;940.8;7
1777732751838;17038.9787;11920.9294;0.58;889.8;940.6;4
1777732753786;17038.9805;11920.9275;0.72;889.8;940.6;4
1777732755179;17038.9815;11920.9255;0.52;889.8;940.8;3
1777732756542;17038.9829;11920.9245;0.50;889.8;940.6;3
1777732757927;17038.9839;11920.9240;0.56;889.8;940.1;3
1777732759675;17038.9849;11920.9229;0.73;889.8;940.6;3
1777732761198;17038.9861;11920.9214;0.94;889.8;940.3;3
1777732762534;17038.9872;11920.9202;0.96;889.8;940.2;3
1777732764147;17038.9883;11920.9193;0.81;889.8;939.8;3
1777732766023;17038.9893;11920.9182;0.77;889.8;939.8;3
1777732767879;17038.9897;11920.9182;0.36;889.8;939.3;3
1777732770156;17038.9893;11920.9189;0.07;889.8;938.9;3
1777732772179;17038.9893;11920.9191;0.11;889.8;938.8;3
1777732774212;17038.9896;11920.9196;0.08;889.8;939.0;3
1777732776192;17038.9902;11920.9199;0.12;889.8;938.6;3
1777732778208;17038.9908;11920.9195;0.07;889.8;938.7;3
1777732780138;17038.9913;11920.9192;0.07;889.8;938.7;3
1777732782197;17038.9917;11920.9190;0.05;889.8;938.2;3
1777732784148;17038.9923;11920.9189;0.14;889.8;939.0;3
1777732786194;17038.9938;11920.9168;0.70;889.8;938.4;3
1777732787588;17038.9945;11920.9154;0.80;893.8;937.5;3
1777732789193;17038.9953;11920.9140;0.98;893.8;938.1;3
1777732790949;17038.9962;11920.9122;0.99;893.8;938.1;3
1777732792599;17038.9971;11920.9110;0.90;893.8;937.6;3
1777732794188;17038.9980;11920.9100;1.01;893.8;936.8;3
1777732795829;17038.9989;11920.9086;1.06;893.8;936.8;3
1777732797583;17038.9994;11920.9074;0.84;893.8;936.3;3
1777732799189;17039.0003;11920.9059;0.92;893.8;936.6;3
1777732800850;17039.0013;11920.9041;1.06;881.2;936.4;3
1777732802533;17039.0021;11920.9029;0.93;881.2;935.5;3
1777732804179;17039.0032;11920.9018;0.88;881.2;935.4;3
1777732805991;17039.0051;11920.9010;0.90;881.2;934.5;3
1777732807403;17039.0056;11920.9009;0.45;881.2;935.5;3
1777732809216;17039.0058;11920.9012;0.12;881.2;934.7;3
1777732811161;17039.0056;11920.9014;0.03;881.2;934.0;3
1777732813191;17039.0054;11920.9015;0.05;881.2;933.8;3
1777732815197;17039.0053;11920.9016;0.05;881.2;934.3;3
1777732817205;17039.0053;11920.9017;0.02;881.2;934.0;3
1777732819193;17039.0052;11920.9013;0.05;881.2;933.9;3
1777732821155;17039.0052;11920.9010;0.05;881.2;934.3;3
1777732823119;17039.0052;11920.9009;0.01;881.2;934.0;3
1777732825195;17039.0052;11920.9009;0.07;881.2;934.0;3
1777732826827;17039.0055;11920.9009;0.15;881.2;934.3;3
1777732828171;17039.0064;11920.9009;0.23;881.2;934.3;3
1777732829559;17039.0077;11920.9012;0.32;881.2;934.3;3
1777732831191;17039.0081;11920.9012;0.15;881.2;934.4;3
1777732833203;17039.0080;11920.9014;0.07;881.2;934.0;3
1777732835194;17039.0080;11920.9013;0.02;881.2;934.1;3
1777732837192;17039.0081;11920.9010;0.05;881.2;934.0;3
1777732839189;17039.0081;11920.9009;0.01;881.2;934.0;3
1777732841200;17039.0081;11920.9011;0.05;881.2;934.3;3
1777732843194;17039.0080;11920.9013;0.05;881.2;934.0;3
1777732845210;17039.0080;11920.9012;0.06;881.2;934.0;3
1777732847190;17039.0082;11920.9009;0.02;881.2;934.2;3
1777732849177;17039.0084;11920.9007;0.06;881.2;934.2;3
1777732851187;17039.0085;11920.9007;0.11;881.2;934.0;3
1777732852854;17039.0087;11920.9008;0.07;881.2;933.9;3
1777732855215;17039.0092;11920.9010;0.03;881.2;934.0;3
1777732857163;17039.0093;11920.9009;0.03;881.2;934.1;3
1777732859189;17039.0093;11920.9009;0.38;881.2;933.9;3
1777732860991;17039.0096;11920.9016;0.71;881.2;933.8;3
1777732862708;17039.0067;11920.9011;0.60;881.2;933.7;3
1777732864135;17039.0046;11920.9013;0.69;881.2;933.8;3
1777732865895;17039.0025;11920.9022;0.81;881.2;934.2;3
1777732867341;17039.0014;11920.9036;0.77;881.2;934.0;3
1777732868735;17039.0006;11920.9046;0.73;893.8;934.1;3
1777732870173;17039.0000;11920.9059;0.84;893.8;934.1;3
1777732871548;17038.9995;11920.9073;0.84;893.8;934.3;3
1777732873187;17038.9996;11920.9093;0.95;893.8;934.9;3
1777732874835;17038.9991;11920.9114;1.05;893.8;935.0;3
1777732876584;17038.9982;11920.9135;1.01;893.8;935.1;3
1777732878196;17038.9974;11920.9151;1.01;893.8;935.2;3
1777732879640;17038.9963;11920.9165;1.01;893.8;935.2;3
1777732881143;17038.9950;11920.9176;0.94;889.8;935.6;3
1777733270142;17038.9704;11921.1537;0.78;855.0;897.0;13
1777733272124;17038.9849;11921.1606;1.11;855.0;899.1;12
1777733274123;17038.9873;11921.1569;1.32;855.0;898.6;11
1777733276175;17038.9831;11921.1580;1.28;855.0;898.7;10
1777733277539;17038.9827;11921.1589;1.43;855.0;898.7;8
1777733279190;17038.9839;11921.1559;1.21;855.0;898.6;5
1777733280799;17038.9838;11921.1526;1.19;855.0;898.6;4
1777733283009;17038.9851;11921.1493;1.25;855.0;898.2;3
1777733284543;17038.9868;11921.1466;1.41;855.0;898.0;3
1777733286150;17038.9886;11921.1442;1.39;841.6;898.0;3
1777733287808;17038.9898;11921.1419;1.34;844.7;897.9;3
1777733289366;17038.9905;11921.1401;1.25;844.7;897.7;3
1777733291035;17038.9912;11921.1383;1.11;844.7;897.6;3
1777733292576;17038.9923;11921.1371;0.92;844.7;897.4;3
1777733294195;17038.9934;11921.1355;1.06;844.7;897.2;3
1777733296169;17038.9946;11921.1332;1.13;844.7;896.8;3
1777733297537;17038.9953;11921.1312;1.19;844.7;896.8;3
1777733299171;17038.9961;11921.1290;1.23;844.7;896.6;3
1777733300841;17038.9969;11921.1265;1.27;844.7;896.6;3
1777733462117;17039.0362;11921.0973;0.87;835.4;882.8;10
1777734102398;17038.8520;11921.5501;1.09;755.8;804.0;8
1777734102565;17038.8520;11921.5501;1.09;755.8;804.0;8
1777734104168;17038.8487;11921.5502;5.28;755.8;799.8;7
1777734106188;17038.8470;11921.5498;0.69;755.8;799.3;5
1777735278194;17037.9925;11921.6771;1.26;609.2;665.0;5
1777735278386;17037.9925;11921.6771;1.26;609.2;665.0;5
1777735279172;17037.9912;11921.6780;0.90;609.2;658.8;3
1777735281104;17037.9883;11921.6796;0.94;609.2;658.7;3
1777735283162;17037.9868;11921.6818;1.17;609.2;658.7;3
1777735285047;17037.9846;11921.6834;0.96;609.2;658.6;4
1777735286782;17037.9826;11921.6850;0.99;609.2;658.7;4
1777735288172;17037.9813;11921.6864;0.81;609.2;658.7;3
1777735289686;17037.9806;11921.6879;0.87;609.2;658.7;3
1777735291036;17037.9800;11921.6898;0.99;610.9;658.7;3
1777735292781;17037.9784;11921.6919;1.08;610.9;661.0;3
1777735294364;17037.9767;11921.6931;1.11;610.9;661.1;3
1777735296168;17037.9748;11921.6946;1.11;610.9;661.2;3
1777735297943;17037.9731;11921.6961;1.06;610.9;661.2;3
1777735299627;17037.9713;11921.6974;1.15;610.9;661.2;3
1777735301199;17037.9697;11921.6987;1.16;610.9;659.3;3
1777735304629;17037.9685;11921.7000;0.24;610.9;659.4;3
1777736739117;17037.6659;11922.0773;0.36;623.1;659.4;15
1777803515805;17038.0670;11921.6261;0.56;600.8;678.7;8
1777803517403;17038.8291;11922.9764;0.09;510.4;568.0;8
1777803520473;17038.8369;11922.9725;0.10;517.6;568.0;8
1777803523577;17038.8379;11922.9716;0.35;517.6;582.0;11
1777803526576;17038.8339;11922.9766;0.13;510.4;582.0;8
1777803529483;17038.8338;11922.9771;0.08;510.4;581.0;3
1777803532484;17038.8336;11922.9774;0.06;510.4;581.0;3
1777803535511;17038.8335;11922.9776;0.05;510.4;581.1;3
1777803538485;17038.8334;11922.9777;0.04;510.4;581.1;3
1777803541555;17038.8333;11922.9778;0.04;510.4;582.0;3
1777803544495;17038.8332;11922.9778;0.04;510.4;582.0;3
1777803547576;17038.8332;11922.9778;0.03;510.4;581.1;3
1777803550629;17038.8332;11922.9777;0.03;510.4;581.1;3
1777803553581;17038.8332;11922.9778;0.03;510.4;581.0;3
1777803556486;17038.8333;11922.9778;0.03;510.4;581.0;3
1777803559484;17038.8333;11922.9779;0.03;510.4;581.0;3
1777803562569;17038.8334;11922.9779;0.03;510.4;581.1;3
1777803565480;17038.8335;11922.9780;0.04;510.4;581.1;3
1777803568511;17038.8337;11922.9781;0.04;510.4;581.0;3
1777803571483;17038.8338;11922.9782;0.04;510.4;581.0;3
1777803574485;17038.8339;11922.9783;0.19;510.4;581.1;3
1777803577481;17038.8341;11922.9782;0.04;510.4;581.2;3
1777803579660;17038.8341;11922.9782;0.04;510.4;581.2;3
1777803581508;17038.8339;11922.9778;0.14;510.4;581.2;3
1777805980937;17038.8339;11922.9778;0.14;510.4;581.2;3
1777805983349;17039.6305;11922.5742;0.15;753.4;581.2;9
1777805986271;17039.6303;11922.5741;0.15;753.4;581.2;8
1777805989290;17039.6303;11922.5741;0.12;753.4;811.0;8
1777805992318;17039.6306;11922.5740;0.01;744.8;811.0;8
1777805993937;17039.6307;11922.5740;0.01;744.8;811.0;8
1777805995390;17039.6330;11922.5717;0.06;744.8;811.0;7
1777805996878;17039.6334;11922.5713;0.09;744.8;810.1;6
1777805998312;17039.6349;11922.5712;0.26;744.8;810.0;6
1777805999634;17039.6360;11922.5711;0.35;744.8;810.1;4
1777806001326;17039.6369;11922.5699;0.53;744.8;811.3;3
1777806002959;17039.6373;11922.5688;0.50;744.8;811.9;3
1777806004351;17039.6375;11922.5676;0.39;744.8;812.3;3
1777806009078;17039.6375;11922.5673;0.43;744.8;812.9;3
1777806011282;17039.6379;11922.5671;0.27;744.8;813.1;5
1777806013265;17039.6380;11922.5669;0.34;744.8;814.3;5
1777806014858;17039.6401;11922.5673;0.32;744.8;814.8;5
1777806016323;17039.6411;11922.5665;0.23;744.8;815.0;5
1777806017627;17039.6417;11922.5660;0.18;744.8;815.2;5
1777806019236;17039.6425;11922.5653;0.18;744.8;815.6;4
1777806022225;17039.6434;11922.5645;0.07;744.8;816.2;3
1777806025281;17039.6436;11922.5643;0.06;744.8;816.6;3
1777806028313;17039.6436;11922.5643;0.06;744.8;816.9;3
1777806030259;17039.6437;11922.5644;0.02;744.8;816.9;3
1777806169232;17039.7080;11922.5497;0.84;762.4;849.4;11
1777806172203;17039.7071;11922.5577;0.22;775.5;849.9;10
1777806174594;17039.7028;11922.5559;0.17;775.5;849.9;9
1777806178292;17039.7013;11922.5567;0.02;775.5;849.8;7
1777806181302;17039.7011;11922.5571;0.07;775.5;849.8;5
1777806184311;17039.7009;11922.5574;0.06;775.5;850.1;5
1777806187230;17039.7006;11922.5577;0.07;775.5;850.0;4
1777806188676;17039.7005;11922.5577;0.06;775.5;850.0;4
1777806190302;17039.7005;11922.5578;0.06;775.5;850.0;4
1777806193250;17039.7002;11922.5576;0.02;775.5;850.7;3
1777806194690;17039.7001;11922.5575;0.07;775.5;850.8;3
1777806196288;17039.6975;11922.5579;0.27;775.5;850.1;3
1777806199301;17039.6977;11922.5572;0.28;775.5;850.9;3
1777806202279;17039.6983;11922.5578;0.24;775.5;851.0;2
1777806205244;17039.7007;11922.5589;0.48;775.5;851.1;2
1777806208321;17039.7020;11922.5591;0.54;775.5;851.2;2
1777806210723;17039.7035;11922.5608;0.67;775.5;851.7;3
1777806212253;17039.7042;11922.5613;0.57;775.5;851.7;3
1777806213757;17039.7048;11922.5625;0.65;775.5;852.1;3
1777806215702;17039.7044;11922.5638;0.62;775.5;852.3;3
1777806217271;17039.7046;11922.5647;0.58;775.5;851.0;3
1777806218857;17039.7058;11922.5653;0.67;775.5;851.2;3
1777806220283;17039.7064;11922.5664;0.66;775.5;851.4;3
1777806222253;17039.7068;11922.5684;0.74;775.5;851.8;3
1777806223814;17039.7079;11922.5686;0.60;781.6;851.9;3
1777806225259;17039.7089;11922.5690;0.59;781.6;852.1;3
1777806227060;17039.7089;11922.5695;0.45;781.6;852.5;3
1777806228653;17039.7090;11922.5704;0.45;781.6;852.9;3
1777806230309;17039.7092;11922.5711;0.48;781.6;852.6;3
1777806231935;17039.7089;11922.5724;0.63;781.6;852.9;3
1777806233897;17039.7087;11922.5737;0.58;781.6;853.8;3
1777806235319;17039.7092;11922.5733;0.27;781.6;854.0;3
1777806236974;17039.7098;11922.5732;0.35;781.6;854.6;3
1777806238391;17039.7101;11922.5733;0.44;781.6;855.2;3
1777806240156;17039.7111;11922.5740;0.55;781.6;855.6;3
1777806241893;17039.7118;11922.5742;0.37;781.6;855.7;3
1777806243657;17039.7129;11922.5752;0.60;781.6;856.1;3
1777806247295;17039.7148;11922.5758;0.16;781.6;857.0;3
1777806250293;17039.7150;11922.5755;0.03;781.6;857.2;3
1777806253295;17039.7145;11922.5746;0.10;781.6;857.2;3
1777806256324;17039.7141;11922.5741;0.06;781.6;857.2;3
1777806259249;17039.7139;11922.5737;0.01;781.6;857.1;3
1777806262299;17039.7139;11922.5736;0.02;781.6;856.1;3
1777806264533;17039.7141;11922.5735;0.11;781.6;856.1;3
1777806268018;17039.7148;11922.5739;0.09;781.6;857.2;3
1777806270475;17039.7151;11922.5743;0.07;781.6;856.3;3
1777806272121;17039.7151;11922.5745;0.05;781.6;856.4;3
1777806273843;17039.7152;11922.5745;0.09;781.6;856.4;3
1777806275337;17039.7160;11922.5751;0.14;781.6;856.2;3
1777806277161;17039.7161;11922.5752;0.11;781.6;856.1;3
1777806279104;17039.7185;11922.5766;0.66;781.6;856.0;3
1777806281105;17039.7208;11922.5779;0.69;781.6;856.0;3
1777806438489;17039.8238;11922.5823;0.36;793.7;862.7;9
1777806441193;17039.8236;11922.5813;0.36;793.7;862.7;10
1777806444233;17039.8243;11922.5844;0.31;793.7;862.6;8
1777806447230;17039.8243;11922.5849;0.01;785.8;862.6;5
1777806449843;17039.8244;11922.5849;0.01;785.8;862.5;5
1777806453301;17039.8229;11922.5846;0.05;785.8;862.5;4
1777806456202;17039.8223;11922.5845;0.05;785.8;862.4;3
1777806459219;17039.8221;11922.5843;0.02;785.8;862.4;3
1777806462208;17039.8220;11922.5843;0.02;785.8;862.5;3
1777806465200;17039.8219;11922.5843;0.03;785.8;862.7;3
1777806468210;17039.8219;11922.5843;0.03;785.8;862.7;3
1777806471314;17039.8219;11922.5843;0.03;785.8;862.7;3
1777806474306;17039.8220;11922.5843;0.28;785.8;862.5;3
1777806477199;17039.8224;11922.5844;0.05;785.8;862.6;3
1777806480207;17039.8227;11922.5848;0.05;785.8;862.5;3
1777806483311;17039.8230;11922.5850;0.05;785.8;862.3;3
1777806486304;17039.8231;11922.5851;0.05;785.8;862.4;3
1777806489320;17039.8233;11922.5853;0.04;785.8;862.6;3
1777806492302;17039.8234;11922.5854;0.05;785.8;862.6;3
1777806495301;17039.8234;11922.5854;0.04;785.8;862.7;3
1777806498264;17039.8235;11922.5855;0.04;785.8;862.6;3
1777806501204;17039.8235;11922.5855;0.04;785.8;862.6;3
1777806504212;17039.8234;11922.5856;0.04;785.8;862.6;3
1777806507226;17039.8235;11922.5856;0.04;785.8;862.6;3
1777806510308;17039.8235;11922.5857;0.04;785.8;862.5;3
1777806513315;17039.8235;11922.5858;0.04;785.8;862.5;3
1777806516288;17039.8235;11922.5858;0.04;785.8;862.7;3
1777806519305;17039.8235;11922.5858;0.18;785.8;862.7;3
1777806521346;17039.8236;11922.5857;0.18;785.8;862.7;3
1777806523242;17039.8241;11922.5845;0.21;785.8;862.9;3
1777806784186;17039.9356;11922.4940;0.90;822.9;909.6;13
1777806786548;17039.9411;11922.4978;0.71;839.0;909.6;11
1777806790172;17039.9444;11922.5045;0.66;839.0;910.0;8
1777806792480;17039.9448;11922.5053;0.48;839.0;910.2;7
1777806794543;17039.9451;11922.5059;0.38;847.1;911.2;6
1777806796210;17039.9460;11922.5064;0.28;847.1;911.0;5
1777806799273;17039.9473;11922.5077;0.10;847.1;911.2;4
1777806802249;17039.9478;11922.5081;0.05;847.1;911.5;3
1777806805263;17039.9478;11922.5085;0.05;847.1;911.8;3
1777806807008;17039.9479;11922.5084;0.03;847.1;911.8;3
1777806808940;17039.9478;11922.5088;0.07;847.1;911.8;3
1777806810784;17039.9480;11922.5090;0.17;847.1;911.8;3
1777806812242;17039.9494;11922.5096;0.39;847.1;911.6;3
1777806814288;17039.9497;11922.5103;0.35;847.1;912.0;3
1777806817178;17039.9502;11922.5099;0.02;847.1;912.5;3
1777806820294;17039.9504;11922.5098;0.05;847.1;912.6;3
1777806823178;17039.9505;11922.5096;0.06;847.1;912.7;3
1777806826181;17039.9508;11922.5103;0.06;847.1;912.7;3
1777806829275;17039.9509;11922.5103;0.07;847.1;912.8;2
1777806832262;17039.9497;11922.5112;0.02;847.1;912.8;2
1777806835226;17039.9477;11922.5119;0.54;847.1;913.0;2
1777806837535;17039.9473;11922.5121;0.57;847.1;913.4;2
1777806839307;17039.9455;11922.5132;0.57;847.1;913.8;2
1777806840962;17039.9443;11922.5141;0.71;847.1;914.0;3
1777806842655;17039.9443;11922.5154;0.63;847.1;914.2;3
1777806844261;17039.9439;11922.5165;0.58;847.1;914.5;3
1777806846001;17039.9431;11922.5175;0.65;847.1;914.6;3
1777806847818;17039.9429;11922.5192;0.66;847.1;914.7;3
1777806849708;17039.9422;11922.5209;0.67;847.1;914.9;3
1777806851811;17039.9420;11922.5224;0.47;847.1;915.2;3
1777806853232;17039.9422;11922.5231;0.38;847.1;915.4;3
1777806855035;17039.9422;11922.5238;0.37;847.1;915.6;3
1777806856943;17039.9422;11922.5243;0.26;847.1;915.6;3
1777806859168;17039.9424;11922.5246;0.08;847.1;915.9;3
1777806862173;17039.9425;11922.5247;0.06;847.1;916.3;3
1777806865183;17039.9426;11922.5248;0.06;847.1;916.4;3
1777806868181;17039.9427;11922.5248;0.02;847.1;916.0;3
1777806871246;17039.9428;11922.5248;0.05;847.1;916.1;3
1777806874296;17039.9428;11922.5249;0.07;847.1;916.4;3
1777806877264;17039.9424;11922.5248;0.11;847.1;916.3;3
1777806880006;17039.9423;11922.5248;0.07;847.1;916.3;3
1777806882195;17039.9408;11922.5264;1.16;847.1;915.7;3
1777806883764;17039.9407;11922.5280;0.96;847.1;914.9;3
1777806885357;17039.9411;11922.5293;0.80;847.1;915.0;3
1777806886774;17039.9407;11922.5299;0.71;847.1;916.2;3
1777806888246;17039.9407;11922.5313;0.80;847.1;916.3;3
1777806889759;17039.9400;11922.5320;0.70;847.1;916.4;3
1777806891246;17039.9396;11922.5334;0.80;847.1;916.6;3
1777806892737;17039.9387;11922.5339;0.77;848.1;917.9;3
1777806894439;17039.9384;11922.5354;0.80;848.1;918.2;3
1777806896202;17039.9386;11922.5359;0.68;848.1;918.2;3
1777806897775;17039.9379;11922.5374;0.81;848.1;918.4;3
1777806899332;17039.9377;11922.5377;0.66;848.1;918.7;3
1777806901243;17039.9365;11922.5393;0.83;848.1;919.1;3
1777806902759;17039.9363;11922.5397;0.74;848.1;919.6;3
1777806904270;17039.9362;11922.5406;0.68;848.1;918.9;3
1777806905667;17039.9359;11922.5416;0.73;834.7;919.1;3
1777806907291;17039.9361;11922.5428;0.68;848.1;919.9;3
1777806908742;17039.9366;11922.5441;0.70;848.1;920.2;3
1777806910275;17039.9379;11922.5447;0.68;848.1;920.8;3
1777806911747;17039.9391;11922.5434;0.41;848.1;921.1;3
1777806913280;17039.9401;11922.5428;0.47;848.1;921.4;3
1777806914909;17039.9413;11922.5421;0.58;848.1;921.6;3
1777807226163;17040.0476;11922.5265;0.38;871.9;946.9;8
1777807229213;17040.0574;11922.5244;0.18;874.6;947.0;8
1777807232146;17040.0558;11922.5238;1.06;874.6;947.1;6
1777807233688;17040.0564;11922.5236;0.70;874.6;947.2;7
1777807235254;17040.0564;11922.5236;0.74;874.6;946.7;8
1777807236867;17040.0571;11922.5205;0.75;874.6;946.9;7
1777807238839;17040.0594;11922.5195;0.82;874.6;947.9;5
1777807240971;17040.0613;11922.5183;0.76;874.6;947.9;4
1777807242422;17040.0620;11922.5176;0.62;874.6;947.9;4
1777807244259;17040.0636;11922.5170;0.63;874.6;947.9;3
1777807245764;17040.0649;11922.5167;0.64;874.6;947.8;3
1777807247152;17040.0666;11922.5163;0.60;874.6;947.8;3
1777807248770;17040.0681;11922.5158;0.66;874.6;947.8;3
1777807250245;17040.0690;11922.5149;0.72;874.6;947.8;3
1777807251743;17040.0701;11922.5140;0.79;874.6;947.8;3
1777807253212;17040.0712;11922.5135;0.59;874.6;948.8;3
1777807255175;17040.0727;11922.5130;0.70;874.6;948.8;3
1777807257047;17040.0747;11922.5135;0.84;874.6;948.3;3
1777807258689;17040.0767;11922.5133;0.92;874.6;948.4;3
1777807260555;17040.0786;11922.5136;0.80;874.6;948.5;3
1777807262235;17040.0808;11922.5131;0.98;875.4;948.6;3
1777807263631;17040.0829;11922.5126;1.02;877.3;948.7;3
1777807265242;17040.0849;11922.5127;0.87;877.3;949.0;3
1777807266980;17040.0868;11922.5127;0.98;877.3;949.1;3
1777807268768;17040.0892;11922.5128;0.91;877.3;949.2;3
1777807270282;17040.0910;11922.5125;0.94;877.3;949.3;3
1777807272035;17040.0931;11922.5116;0.92;877.3;949.1;3
1777807274023;17040.0951;11922.5111;0.81;877.3;949.3;3
1777807276123;17040.0971;11922.5110;0.67;877.3;950.2;3
1777807277927;17040.0990;11922.5114;0.62;877.3;949.8;3
1777807279304;17040.1002;11922.5116;0.73;877.3;949.9;3
1777807280809;17040.1016;11922.5120;0.64;877.3;949.9;3
1777807282263;17040.1031;11922.5120;0.79;877.3;950.0;3
1777807284313;17040.1043;11922.5115;0.70;877.3;950.8;3
1777807286158;17040.1060;11922.5107;0.54;877.3;951.0;3
1777807288065;17040.1077;11922.5101;0.76;877.3;951.1;3
1777807289848;17040.1100;11922.5093;0.58;880.0;950.7;3
1777807291549;17040.1115;11922.5088;0.69;880.0;950.7;3
1777807293850;17040.1140;11922.5087;0.72;880.0;950.6;3
1777807295150;17040.1157;11922.5086;0.66;880.0;951.1;3
1777807297018;17040.1181;11922.5083;0.87;880.0;951.0;3
1777807298903;17040.1203;11922.5071;0.81;880.0;951.1;3
1777807300859;17040.1225;11922.5062;0.90;880.0;951.2;3
1777807302648;17040.1245;11922.5052;0.90;880.0;950.5;3
1777807304230;17040.1261;11922.5053;0.90;880.0;951.6;3
1777807306159;17040.1284;11922.5054;0.92;880.0;951.6;3
1777807307675;17040.1313;11922.5055;1.03;880.0;951.7;3
1777807309608;17040.1341;11922.5061;1.06;880.0;951.8;3
1777807311259;17040.1383;11922.5055;1.06;883.7;951.4;3
1777807313086;17040.1409;11922.5050;1.04;883.7;951.4;3
1777807314758;17040.1443;11922.5036;1.07;883.7;951.1;3
1777807316207;17040.1454;11922.5023;0.93;883.7;951.1;3
1777807318299;17040.1474;11922.5007;1.01;883.7;951.2;3
1777807320102;17040.1480;11922.5001;0.69;883.7;951.9;3
1777807321894;17040.1504;11922.4998;1.01;883.7;952.1;3
1777807323538;17040.1519;11922.4989;0.99;883.7;951.8;3
1777807325249;17040.1533;11922.4978;0.70;883.7;951.6;3
1777807327456;17040.1545;11922.4959;0.84;883.7;951.8;3
1777807329224;17040.1555;11922.4950;0.76;883.7;952.3;3
1777807331245;17040.1576;11922.4939;0.83;883.7;953.0;3
1777807332992;17040.1596;11922.4927;1.01;883.7;953.1;3
1777807334342;17040.1615;11922.4921;0.89;883.7;953.6;3
1777807336319;17040.1633;11922.4908;0.95;883.7;953.9;3
1777807338177;17040.1648;11922.4901;0.83;883.7;954.2;3
1777807339500;17040.1660;11922.4891;0.93;889.0;954.3;3
1777807341542;17040.1685;11922.4888;0.87;891.8;955.4;3
1777807343210;17040.1698;11922.4879;0.73;891.8;955.1;3
1777807344772;17040.1705;11922.4867;0.86;891.8;955.6;3
1777807346255;17040.1711;11922.4857;0.85;891.8;955.6;3
1777807348125;17040.1724;11922.4841;0.91;891.8;955.7;3
1777807349623;17040.1731;11922.4840;0.66;891.8;955.9;3
1777807351543;17040.1749;11922.4833;0.81;891.8;956.5;3
1777807352934;17040.1752;11922.4841;0.61;891.8;957.4;3
1777807354652;17040.1765;11922.4848;0.72;891.8;957.3;3
1777807356178;17040.1774;11922.4842;0.67;891.8;957.5;3
1777807358203;17040.1793;11922.4832;0.85;891.8;958.3;3
1777807360363;17040.1809;11922.4818;0.84;891.8;957.7;3
1777807362365;17040.1819;11922.4813;0.78;891.8;959.1;3
1777807363955;17040.1833;11922.4805;0.81;891.8;959.6;3
1777807365400;17040.1840;11922.4808;0.81;891.8;959.5;3
1777807367245;17040.1855;11922.4807;0.70;891.8;959.9;3
1777807368966;17040.1867;11922.4803;0.71;891.8;960.4;3
1777807370767;17040.1879;11922.4802;0.54;891.8;960.5;3
1777807372402;17040.1890;11922.4798;0.63;891.8;960.7;3
1777807374201;17040.1902;11922.4804;0.50;891.8;960.6;3
1777807375983;17040.1915;11922.4812;0.64;891.8;961.1;3
1777807377800;17040.1930;11922.4816;0.60;891.8;961.8;3
1777807379195;17040.1939;11922.4815;0.38;891.8;961.3;3
1777807380685;17040.1945;11922.4819;0.48;895.4;962.3;3
1777807382217;17040.1948;11922.4830;0.48;895.4;962.5;3
1777807384449;17040.1953;11922.4845;0.52;895.4;962.6;3
1777807386126;17040.1968;11922.4853;0.51;895.4;962.7;3
1777807387726;17040.1983;11922.4858;0.72;895.4;963.5;3
1777807389325;17040.2003;11922.4856;0.76;895.4;963.4;3
1777807390847;17040.2019;11922.4858;0.79;895.4;963.8;3
1777807392452;17040.2027;11922.4856;0.75;895.4;963.8;3
1777807394047;17040.2045;11922.4856;0.81;895.4;964.0;3
1777807395723;17040.2055;11922.4856;0.76;895.4;964.2;3
1777807397235;17040.2061;11922.4858;0.50;895.4;964.8;3
1777807399090;17040.2072;11922.4864;0.69;895.4;965.0;3
1777807400758;17040.2078;11922.4866;0.59;895.4;965.2;3
1777807402560;17040.2088;11922.4872;0.71;895.4;965.6;3
1777807403921;17040.2093;11922.4881;0.58;895.4;965.9;3
1777807405593;17040.2105;11922.4891;0.74;895.4;966.3;3
1777807407103;17040.2114;11922.4895;0.64;895.4;966.8;3
1777807408795;17040.2129;11922.4894;0.69;895.4;967.1;3
1777807410171;17040.2137;11922.4882;0.72;895.4;967.2;3
1777807411693;17040.2149;11922.4870;0.79;895.4;967.4;3
1777807413890;17040.2170;11922.4866;0.85;895.4;967.8;3
1777807415459;17040.2181;11922.4867;0.57;895.4;967.5;3
1777807417202;17040.2187;11922.4876;0.51;895.4;967.5;3
1777807419046;17040.2196;11922.4877;0.41;895.4;967.9;3
1777807420895;17040.2211;11922.4880;0.64;895.4;967.9;3
1777807422514;17040.2226;11922.4888;0.80;899.8;968.0;3
1777807423978;17040.2238;11922.4900;0.87;899.8;968.0;3
1777807425490;17040.2240;11922.4918;0.90;899.8;968.1;3
1777807426852;17040.2245;11922.4932;0.83;899.0;968.1;3
1777807428722;17040.2254;11922.4945;0.80;899.0;968.2;3
1777807430233;17040.2264;11922.4957;0.71;899.0;967.8;3
1777807432318;17040.2273;11922.4973;0.65;899.0;967.9;3
1777807433819;17040.2283;11922.4979;0.66;899.0;967.6;3
1777807435262;17040.2294;11922.4987;0.76;899.0;968.0;3
1777807437383;17040.2303;11922.5008;0.73;899.0;968.5;3
1777807438753;17040.2313;11922.5016;0.76;899.0;968.6;3
1777807440447;17040.2320;11922.5025;0.76;899.0;969.5;3
1777807442167;17040.2326;11922.5039;0.72;899.0;969.5;3
1777807443863;17040.2338;11922.5040;0.61;899.0;969.8;3
1777807445611;17040.2338;11922.5045;0.33;899.0;970.1;3
1777807448243;17040.2336;11922.5053;0.09;899.0;968.9;3
1777807451221;17040.2334;11922.5058;0.01;899.0;969.0;3
1777807453193;17040.2334;11922.5059;0.11;899.0;969.0;3
1777807458456;17040.2348;11922.5059;0.45;899.0;969.6;2
1777807462454;17040.2346;11922.5061;0.15;899.0;970.0;8
1777807562203;17040.2944;11922.4893;0.51;912.7;975.4;7
1777807565166;17040.2932;11922.4932;0.59;912.7;975.0;6
1777807568172;17040.2922;11922.4931;0.15;912.7;975.7;4
1777807569529;17040.2921;11922.4930;0.84;912.7;975.9;5
1777807571106;17040.2933;11922.4934;0.88;912.7;976.3;5
1777807572754;17040.2931;11922.4890;0.81;912.7;976.6;5
1777807574160;17040.2941;11922.4892;0.50;912.7;977.1;5
1777807575971;17040.2952;11922.4904;0.64;912.7;976.9;4
1777807577493;17040.2963;11922.4913;0.66;912.7;976.9;3
1777807579017;17040.2977;11922.4913;0.78;912.7;977.7;3
1777807580466;17040.2989;11922.4915;0.59;912.7;978.0;3
1777807582004;17040.3005;11922.4916;0.79;912.7;978.4;3
1777807583435;17040.3021;11922.4924;0.66;912.7;979.2;3
1777807585020;17040.3037;11922.4931;0.76;912.7;979.0;3
1777807586582;17040.3042;11922.4942;0.55;912.7;979.1;3
1777807588164;17040.3052;11922.4953;0.71;912.7;979.0;3
1777807589467;17040.3055;11922.4957;0.55;912.7;979.0;3
1777807591049;17040.3065;11922.4962;0.67;912.7;979.8;3
1777807592525;17040.3072;11922.4963;0.44;910.3;980.2;3
1777807593993;17040.3083;11922.4966;0.70;919.7;980.1;3
1777807596513;17040.3097;11922.4967;0.56;919.7;980.5;3
1777807598229;17040.3111;11922.4967;0.46;919.7;980.8;3
1777807600496;17040.3129;11922.4963;0.65;921.4;981.2;3
1777807602444;17040.3116;11922.4950;0.31;921.4;981.4;3
1777807604007;17040.3113;11922.4949;0.19;921.4;981.7;3
1777807605631;17040.3114;11922.4944;0.27;921.4;981.9;3
1777807607222;17040.3129;11922.4946;0.53;921.4;981.9;3
1777807608770;17040.3147;11922.4951;0.72;921.4;982.0;3
1777807610220;17040.3162;11922.4962;0.80;921.4;982.1;3
1777807612017;17040.3180;11922.4975;0.88;919.7;982.2;3
1777807613546;17040.3194;11922.4985;0.62;919.7;982.2;3
1777807615244;17040.3207;11922.4991;0.71;919.7;982.2;3
1777807616797;17040.3217;11922.4993;0.65;919.7;983.1;3
1777807618356;17040.3230;11922.4998;0.78;919.7;983.4;3
1777807619936;17040.3241;11922.4996;0.76;919.7;983.2;3
1777807621373;17040.3255;11922.4997;0.84;919.7;983.4;3
1777807622852;17040.3268;11922.4993;0.84;919.7;983.9;3
1777807624303;17040.3283;11922.4989;0.84;919.7;984.2;3
1777807626519;17040.3300;11922.4982;0.74;919.7;984.5;3
1777807628224;17040.3311;11922.4972;0.64;921.4;984.5;3
1777807629931;17040.3322;11922.4961;0.86;921.4;984.9;3
1777807631472;17040.3329;11922.4958;0.71;921.4;985.6;3
1777807633003;17040.3343;11922.4951;0.87;921.4;985.7;3
1777807635112;17040.3352;11922.4945;0.78;921.4;986.2;3
1777807636493;17040.3364;11922.4937;0.82;930.4;986.7;3
1777807638013;17040.3374;11922.4940;0.83;930.4;987.0;3
1777807639425;17040.3390;11922.4940;0.89;930.4;987.0;3
1777807641615;17040.3409;11922.4945;0.89;930.4;987.7;3
1777807643016;17040.3424;11922.4943;0.89;930.4;987.9;3
1777807644874;17040.3436;11922.4929;0.84;930.4;988.7;3
1777807646344;17040.3454;11922.4915;0.74;930.4;988.8;3
1777807647950;17040.3469;11922.4907;0.77;930.4;989.4;3
1777807649440;17040.3485;11922.4908;0.64;930.4;989.6;3
1777807651096;17040.3502;11922.4908;0.75;930.4;989.7;3
1777807655147;17040.3526;11922.4924;0.12;930.4;990.9;3
1777807658163;17040.3524;11922.4927;0.06;930.4;991.2;3
1777807661158;17040.3523;11922.4931;0.06;930.4;990.9;3
1777807663207;17040.3523;11922.4932;0.09;930.4;990.9;3
1777807664636;17040.3527;11922.4935;0.11;930.4;991.3;3
1777807666181;17040.3530;11922.4937;0.16;930.4;991.3;3
1777807667616;17040.3544;11922.4944;0.47;930.4;991.4;3
1777807669066;17040.3559;11922.4951;0.68;930.4;991.6;3
1777807670559;17040.3572;11922.4947;0.58;930.4;991.8;3
1777807671959;17040.3584;11922.4940;0.75;930.4;992.1;3
1777807673472;17040.3601;11922.4928;0.56;930.4;992.5;3
1777807674864;17040.3614;11922.4928;0.80;930.4;992.9;3
1777807676223;17040.3636;11922.4929;0.85;930.4;993.1;3
1777807822112;17040.4666;11922.4876;0.05;964.3;1016.8;8
1777807825981;17040.4666;11922.4875;0.05;964.3;1016.5;9
1777807878210;17040.4206;11922.5067;0.61;948.6;1016.4;20
1777807881217;17040.4550;11922.4880;0.38;964.3;1016.3;13
1777807884198;17040.4593;11922.4895;0.37;964.3;1015.9;7
1777807887142;17040.4607;11922.4901;0.00;964.3;1015.9;6
1777807889915;17040.4608;11922.4901;0.01;964.3;1015.9;6
1777807893220;17040.4609;11922.4900;0.01;964.3;1015.9;4
1777807896186;17040.4609;11922.4900;0.02;964.3;1016.0;3
1777807899128;17040.4609;11922.4899;0.02;964.3;1016.2;3
1777807900595;17040.4609;11922.4899;0.02;964.3;1016.3;3
1777807902170;17040.4609;11922.4900;0.02;964.3;1016.3;3
1777807903687;17040.4614;11922.4900;0.67;964.3;1016.2;3
1777807905205;17040.4636;11922.4897;0.86;964.3;1016.3;3
1777807961248;17040.4736;11922.4715;0.15;964.4;1022.7;11
1777809004548;17040.5356;11922.4518;0.25;960.6;1034.0;7
1777809004713;17040.5356;11922.4518;0.25;960.6;1034.0;7
1777809006106;17040.5341;11922.4507;0.14;962.6;1024.2;7
1777809009029;17040.5343;11922.4504;0.03;962.6;1024.4;7
1777809012197;17040.5341;11922.4504;0.01;962.6;1024.4;8
1777809014377;17040.5341;11922.4504;0.01;962.6;1024.5;8
1777809018084;17040.5341;11922.4503;0.01;962.6;1026.1;6
1777809021105;17040.5341;11922.4502;0.02;962.6;1026.0;4
1777809024136;17040.5341;11922.4502;0.02;962.6;1026.1;4
1777809027119;17040.5341;11922.4502;0.02;962.6;1029.0;3
1777809030033;17040.5341;11922.4499;0.04;962.6;1029.0;3
1777809033072;17040.5341;11922.4497;0.04;962.6;1029.0;3
1777809036106;17040.5341;11922.4495;0.04;962.6;1029.0;3
1777809039034;17040.5341;11922.4494;0.04;962.6;1029.0;3
1777809042035;17040.5340;11922.4493;0.04;962.6;1028.9;3
1777809045124;17040.5340;11922.4491;0.05;962.6;1029.0;3
1777809048040;17040.5340;11922.4491;0.04;962.6;1029.0;3
1777809051029;17040.5340;11922.4490;0.04;962.6;1029.9;3
1777809054032;17040.5340;11922.4490;0.04;962.6;1030.0;3
1777809057080;17040.5340;11922.4489;0.04;962.6;1029.9;3
1777809059808;17040.5340;11922.4489;0.04;962.6;1029.9;3
1777809063033;17040.5340;11922.4489;0.04;962.6;1029.8;3
1777809066048;17040.5341;11922.4489;0.04;962.6;1029.7;3
1777809069154;17040.5341;11922.4489;0.04;962.6;1029.9;3
1777809072109;17040.5341;11922.4490;0.04;962.6;1029.9;3
1777809075114;17040.5341;11922.4490;0.04;962.6;1030.0;3
1777809078039;17040.5342;11922.4490;0.04;962.6;1030.0;3
1777809081141;17040.5342;11922.4490;0.04;962.6;1029.9;3
1777809084026;17040.5342;11922.4491;0.04;962.6;1029.9;3
1777809087035;17040.5342;11922.4491;0.04;962.6;1030.0;3
1777809090031;17040.5342;11922.4491;0.04;962.6;1030.0;3
1777809093043;17040.5342;11922.4492;0.04;962.6;1030.0;3
1777809096130;17040.5342;11922.4492;0.04;962.6;1030.0;3
1777809099133;17040.5341;11922.4492;0.04;962.6;1030.0;3
1777809102114;17040.5341;11922.4492;0.04;962.6;1030.1;3
1777809104466;17040.5341;11922.4492;0.04;962.6;1030.1;3
1777809593001;17040.9248;11922.4451;0.71;980.1;1044.8;8
1777809596077;17040.9266;11922.4463;0.71;980.1;1044.9;9
1777809599429;17040.9289;11922.4456;0.81;980.1;1045.0;6
1777809601377;17040.9310;11922.4406;0.79;983.6;1045.2;5
1777809603078;17040.9326;11922.4405;0.68;983.6;1045.3;5
1777809604882;17040.9341;11922.4413;0.74;983.6;1045.4;4
1777809606525;17040.9347;11922.4417;0.67;991.1;1045.4;4
1777809608341;17040.9356;11922.4428;0.70;991.1;1045.6;3
1777809609716;17040.9360;11922.4420;0.61;991.1;1045.6;3
1777809611742;17040.9366;11922.4430;0.54;991.1;1045.9;3
1777809614035;17040.9368;11922.4440;0.74;991.1;1047.0;3
1777809615666;17040.9373;11922.4441;0.69;991.1;1047.2;3
1777809617467;17040.9380;11922.4453;0.69;990.8;1047.4;3
1777809624972;17040.9455;11922.4502;0.57;990.8;1048.3;8
1777809628056;17040.9468;11922.4518;0.57;990.8;1049.0;8
1777809629711;17040.9475;11922.4518;0.79;990.8;1049.1;10
1777809631305;17040.9490;11922.4494;0.57;990.8;1049.2;9
1777809633565;17040.9499;11922.4493;0.63;990.8;1049.3;8
1777809635337;17040.9519;11922.4504;0.70;990.8;1049.6;5
1777809637086;17040.9532;11922.4510;0.64;990.8;1050.0;4
1777809638614;17040.9547;11922.4511;0.65;990.8;1050.3;3
1777809640073;17040.9554;11922.4519;0.63;990.8;1050.8;3
1777809641661;17040.9558;11922.4532;0.71;990.8;1051.0;3
1777809643061;17040.9563;11922.4545;0.58;990.8;1051.1;3
1777809644980;17040.9571;11922.4562;0.71;990.8;1051.2;3
1777809646785;17040.9576;11922.4579;0.73;990.8;1051.4;3
1777809648425;17040.9586;11922.4587;0.64;990.8;1051.6;3
1777809653529;17040.9593;11922.4592;0.61;990.8;1052.3;4
1777809655832;17040.9614;11922.4609;0.47;990.8;1052.8;6
1777809657460;17040.9648;11922.4623;0.53;1001.2;1053.3;6
1777809659527;17040.9662;11922.4628;0.39;1001.2;1054.0;5
1777809661212;17040.9678;11922.4639;0.36;1001.2;1054.2;4
1777809685701;17040.9701;11922.4677;0.00;1001.2;1056.6;9
1777809687995;17040.9669;11922.4693;0.69;1001.2;1056.7;8
1777809690976;17040.9669;11922.4698;0.32;1001.2;1056.7;7
1777809693977;17040.9673;11922.4700;0.01;1001.2;1056.6;7
1777809697082;17040.9674;11922.4702;0.01;1001.2;1056.7;6
1777809700007;17040.9675;11922.4701;0.01;1001.2;1056.7;5
1777809703090;17040.9675;11922.4699;0.02;1001.2;1056.8;4
1777809706093;17040.9676;11922.4698;0.02;1001.2;1056.5;3
1777809709100;17040.9678;11922.4696;0.03;1001.2;1056.5;3
1777809712081;17040.9680;11922.4696;0.03;1001.2;1056.5;3
1777809715100;17040.9682;11922.4695;0.03;1001.2;1056.5;3
1777809917244;17040.9983;11922.5200;0.17;989.5;1059.5;13
1777809919994;17041.0201;11922.5108;0.22;1003.1;1059.4;15
1777810032294;17041.0258;11922.5076;0.47;1003.1;1070.1;9
1777810035039;17041.0666;11922.5198;0.78;1015.4;1070.1;6
1777810038002;17041.0712;11922.5225;0.56;1015.4;1070.2;3
1777810040005;17041.0722;11922.5228;0.77;1015.4;1070.3;4
1777810041499;17041.0733;11922.5233;0.71;1027.6;1070.2;4
1777810043019;17041.0744;11922.5232;0.69;1027.6;1070.3;4
1777810044695;17041.0758;11922.5238;0.58;1027.6;1070.4;4
1777810046559;17041.0770;11922.5242;0.55;1027.6;1070.6;3
1777810048108;17041.0772;11922.5235;0.45;1027.6;1071.4;3
1777810050024;17041.0776;11922.5225;0.24;1027.6;1071.7;3
1777810051714;17041.0780;11922.5221;0.25;1027.6;1071.9;3
1777810053097;17041.0780;11922.5218;0.14;1027.6;1072.2;3
1777810054738;17041.0782;11922.5218;0.22;1027.6;1072.4;3
1777810056220;17041.0786;11922.5224;0.22;1027.6;1072.6;3
1777810058103;17041.0790;11922.5223;0.29;1027.6;1073.0;3
1777810059672;17041.0795;11922.5228;0.30;1027.6;1073.2;3
1777810061494;17041.0798;11922.5231;0.30;1027.6;1073.6;3
1777810074856;17041.0482;11922.5169;0.12;1015.4;1075.7;9
1777810078054;17041.0823;11922.5247;0.35;1027.6;1075.6;6
1777810080955;17041.0855;11922.5257;0.02;1027.6;1075.7;3
1777810082674;17041.0859;11922.5256;0.05;1027.6;1075.7;3
1777810084037;17041.0859;11922.5255;0.16;1027.6;1075.6;3
1777810086271;17041.0858;11922.5255;0.17;1027.6;1075.7;3
1777810088972;17041.0876;11922.5262;0.25;1027.6;1075.8;3
1777810091259;17041.0875;11922.5269;0.18;1027.6;1076.1;3
1777810092979;17041.0876;11922.5269;0.14;1027.6;1076.4;3
1777810094673;17041.0876;11922.5274;0.17;1027.6;1076.5;3
1777810096553;17041.0887;11922.5278;0.31;1027.6;1076.8;3
1777810098400;17041.0895;11922.5282;0.39;1027.6;1077.1;3
1777810100533;17041.0915;11922.5282;0.40;1027.6;1077.7;3
1777810102042;17041.0921;11922.5285;0.29;1027.6;1077.9;3
1777810103452;17041.0926;11922.5287;0.33;1027.6;1078.3;3
1777810105052;17041.0931;11922.5295;0.29;1027.6;1078.4;3
1777810106771;17041.0933;11922.5303;0.32;1027.6;1078.5;3
1777810108542;17041.0940;11922.5311;0.26;1027.6;1078.9;3
1777810110218;17041.0944;11922.5313;0.26;1027.6;1079.0;3
1777810112459;17041.0963;11922.5323;0.53;1027.6;1079.1;3
1777810114028;17041.0966;11922.5320;0.21;1027.6;1078.3;3
1777810115774;17041.0968;11922.5315;0.27;1027.6;1078.5;3
1777810117512;17041.0971;11922.5307;0.36;1027.6;1078.5;3
1777810119939;17041.0978;11922.5299;0.33;1027.6;1078.8;3
1777810121980;17041.0980;11922.5302;0.30;1027.6;1079.6;3
1777810124523;17041.0987;11922.5310;0.40;1027.6;1079.7;3
1777810126045;17041.0989;11922.5311;0.27;1027.6;1079.5;3
1777810127948;17041.0991;11922.5315;0.35;1027.6;1080.1;3
1777810129362;17041.0998;11922.5325;0.40;1027.6;1080.8;3
1777810131507;17041.1004;11922.5335;0.43;1042.0;1080.9;3
1777810133622;17041.1016;11922.5336;0.12;1042.0;1081.1;3
1777810136910;17041.1019;11922.5335;0.12;1042.0;1081.1;3
1777810138708;17041.1019;11922.5335;0.12;1042.0;1081.1;3
1777810140630;17041.1031;11922.5343;0.09;1042.0;1081.7;3
1777810142815;17041.1035;11922.5344;0.17;1042.0;1082.0;3
1777810146060;17041.1045;11922.5349;0.07;1042.0;1081.8;3
1777810147442;17041.1046;11922.5350;0.07;1042.0;1082.0;3
1777810149044;17041.1055;11922.5346;0.16;1042.0;1082.8;3
1777810152034;17041.1060;11922.5341;0.08;1042.0;1082.2;3
1777810155067;17041.1065;11922.5342;0.12;1042.0;1082.9;3
1777810156435;17041.1066;11922.5342;0.14;1042.0;1083.1;3
1777810158042;17041.1077;11922.5345;0.41;1042.0;1082.8;3
1777810159712;17041.1095;11922.5349;0.55;1042.0;1082.9;3
1777810161369;17041.1101;11922.5360;0.45;1042.0;1083.7;3
1777810163913;17041.1110;11922.5374;0.49;1042.0;1084.0;3
1777810166121;17041.1117;11922.5385;0.50;1042.0;1084.2;3
1777810168111;17041.1117;11922.5390;0.31;1042.0;1084.0;3
1777810169948;17041.1118;11922.5393;0.21;1042.0;1084.1;3
1777810171407;17041.1122;11922.5395;0.16;1030.0;1083.4;3
1777810173066;17041.1128;11922.5398;0.15;1030.0;1083.8;3
1777810174682;17041.1132;11922.5401;0.11;1030.0;1083.9;3
1777810177625;17041.1141;11922.5406;0.07;1030.0;1083.9;3
1777810179048;17041.1144;11922.5407;0.17;1030.0;1084.0;3
1777810182049;17041.1148;11922.5408;0.28;1030.0;1083.2;3
1777810184159;17041.1152;11922.5401;0.27;1030.0;1083.4;3
1777810187287;17041.1154;11922.5401;0.13;1030.0;1085.2;3
1777810189090;17041.1152;11922.5400;0.11;1030.0;1085.3;3
1777810191071;17041.1149;11922.5397;0.21;1030.0;1084.8;3
1777810192498;17041.1151;11922.5396;0.20;1030.0;1084.9;3
1777810202890;17041.1134;11922.5360;0.01;1042.0;1085.4;11
1777810206038;17041.1161;11922.5392;0.66;1042.0;1085.6;8
1777810207663;17041.1165;11922.5393;0.36;1042.0;1085.6;8
1777810209058;17041.1164;11922.5398;0.24;1030.0;1086.9;6
1777810211194;17041.1167;11922.5397;0.23;1042.0;1086.9;5
1777810213189;17041.1168;11922.5380;0.32;1042.0;1086.7;3
1777810214955;17041.1166;11922.5374;0.26;1042.0;1086.5;3
1777810216934;17041.1167;11922.5372;0.23;1042.0;1086.9;3
1777810218472;17041.1164;11922.5371;0.10;1042.0;1086.3;3
1777810220025;17041.1164;11922.5370;0.11;1042.0;1086.5;3
1777810221743;17041.1162;11922.5368;0.09;1042.0;1087.4;3
1777810223375;17041.1162;11922.5367;0.16;1042.0;1087.5;3
1777810226105;17041.1169;11922.5360;0.26;1042.0;1087.4;3
1777810228047;17041.1170;11922.5359;0.24;1042.0;1087.7;3
1777810229965;17041.1171;11922.5356;0.14;1042.0;1087.1;3
1777810231995;17041.1173;11922.5354;0.18;1042.0;1087.6;3
1777810233961;17041.1177;11922.5350;0.17;1042.0;1088.1;3
1777810235615;17041.1178;11922.5349;0.10;1042.0;1088.2;3
1777810238363;17041.1182;11922.5352;0.17;1042.0;1088.6;3
1777810241367;17041.1192;11922.5350;0.12;1042.0;1089.7;3
1777810245046;17041.1190;11922.5350;0.11;1042.0;1088.5;3
1777810248063;17041.1192;11922.5348;0.07;1042.0;1089.1;3
1777810250026;17041.1193;11922.5347;0.09;1042.0;1089.1;3
1777810251941;17041.1192;11922.5349;0.09;1042.0;1089.2;3
1777810300475;17041.1325;11922.5408;0.19;1047.3;1094.9;12
1777810303001;17041.1358;11922.5442;0.29;1047.3;1094.6;9
1777810306061;17041.1370;11922.5454;0.51;1047.3;1094.7;5
1777810307857;17041.1371;11922.5456;0.64;1047.3;1094.7;5
1777810309428;17041.1379;11922.5456;0.44;1047.3;1095.0;4
1777810310808;17041.1384;11922.5458;0.41;1047.3;1095.1;4
1777810312548;17041.1387;11922.5463;0.29;1047.3;1095.9;3
1777810314084;17041.1389;11922.5464;0.26;1047.3;1096.0;3
1777810315913;17041.1398;11922.5474;0.24;1047.3;1095.8;3
1777810317545;17041.1402;11922.5478;0.26;1047.3;1096.5;3
1777810319207;17041.1409;11922.5476;0.35;1047.3;1097.3;3
1777810320605;17041.1416;11922.5476;0.38;1047.3;1097.5;3
1777810321994;17041.1426;11922.5476;0.43;1047.3;1096.9;3
1777810324029;17041.1439;11922.5485;0.35;1047.3;1098.0;3
1777810325969;17041.1445;11922.5489;0.28;1047.3;1098.3;3
1777810327890;17041.1454;11922.5498;0.27;1047.3;1097.9;3
1777810333250;17041.1457;11922.5502;0.28;1047.3;1098.5;3
1777810334748;17041.1465;11922.5507;0.15;1047.3;1099.4;4
1777810337037;17041.1471;11922.5513;0.12;1047.3;1099.8;4
1777810340068;17041.1490;11922.5526;0.09;1047.3;1100.1;4
1777810341738;17041.1494;11922.5529;0.14;1047.3;1100.2;3
1777810343882;17041.1504;11922.5523;0.13;1047.3;1100.2;3
1777810345685;17041.1508;11922.5522;0.24;1047.3;1100.3;3
1777810347516;17041.1523;11922.5520;0.35;1047.3;1100.5;3
1777810349012;17041.1531;11922.5526;0.50;1047.3;1100.8;3
1777810350880;17041.1545;11922.5522;0.48;1047.3;1101.3;3
1777810352764;17041.1551;11922.5526;0.45;1047.3;1101.7;3
1777810354338;17041.1551;11922.5532;0.36;1047.3;1102.0;3
1777810356098;17041.1562;11922.5551;0.67;1060.2;1102.4;3
1777810357892;17041.1570;11922.5565;0.67;1060.2;1102.8;3
1777810359521;17041.1581;11922.5569;0.56;1060.2;1103.3;3
1777810361038;17041.1587;11922.5578;0.83;1060.2;1103.2;3
1777810362433;17041.1596;11922.5590;0.82;1060.2;1103.5;3
1777810367983;17041.1608;11922.5596;0.59;1060.2;1103.8;8
1777810370499;17041.1598;11922.5591;0.16;1060.2;1104.6;6
1777810373396;17041.1598;11922.5591;0.07;1060.2;1104.9;5
1777810374784;17041.1604;11922.5584;0.10;1060.2;1104.6;4
1777810377047;17041.1604;11922.5580;0.05;1060.2;1105.1;3
1777810379350;17041.1605;11922.5579;0.10;1060.2;1105.0;3
1777810380734;17041.1613;11922.5588;0.28;1060.2;1104.0;3
1777810382227;17041.1618;11922.5591;0.32;1060.2;1104.2;3
1777810383837;17041.1629;11922.5615;0.67;1060.2;1104.9;3
1777810385537;17041.1636;11922.5632;0.74;1060.2;1105.0;3
1777810387381;17041.1648;11922.5662;0.98;1060.2;1104.9;3
1777810389044;17041.1659;11922.5672;0.67;1060.2;1105.1;3
1777810390402;17041.1668;11922.5679;0.75;1060.2;1105.8;3
1777810392041;17041.1678;11922.5682;0.41;1060.2;1105.8;3
1777810393544;17041.1684;11922.5680;0.40;1060.2;1105.4;3
1777810395013;17041.1687;11922.5685;0.55;1060.2;1105.5;3
1777810396997;17041.1691;11922.5697;0.52;1060.2;1105.8;3
1777810401034;17041.1696;11922.5694;0.08;1060.2;1106.5;3
1777810404056;17041.1687;11922.5693;0.10;1060.2;1106.7;3
1777810406252;17041.1686;11922.5692;0.09;1060.2;1106.2;3
1777810407604;17041.1688;11922.5696;0.24;1060.2;1106.1;3
1777810409798;17041.1691;11922.5712;0.54;1051.6;1106.0;3
1777810411597;17041.1699;11922.5743;0.77;1051.6;1106.9;3
1777810413024;17041.1700;11922.5759;0.87;1051.6;1106.5;3
1777810414424;17041.1702;11922.5777;0.97;1051.6;1106.2;3
1777810415868;17041.1705;11922.5791;0.83;1051.6;1105.9;3
1777810417996;17041.1733;11922.5790;0.64;1051.6;1105.3;3
1777810419377;17041.1753;11922.5786;0.75;1051.6;1105.1;3
1777810420874;17041.1769;11922.5780;0.81;1051.6;1105.1;3
1777810422330;17041.1790;11922.5775;0.91;1051.6;1104.5;3
1777810423766;17041.1807;11922.5769;0.86;1051.6;1104.5;3
1777810425413;17041.1820;11922.5760;0.77;1051.6;1105.3;3
1777810427008;17041.1833;11922.5753;0.71;1048.1;1105.4;3
1777810428600;17041.1843;11922.5749;0.68;1048.1;1105.6;3
1777810430388;17041.1856;11922.5742;0.67;1048.1;1105.5;3
1777810434049;17041.1870;11922.5736;0.12;1048.1;1105.1;3
1777810437045;17041.1865;11922.5740;0.09;1048.1;1105.9;3
1777810440054;17041.1863;11922.5744;0.05;1048.1;1106.0;3
1777810443056;17041.1860;11922.5745;0.07;1048.1;1105.6;3
1777810445950;17041.1860;11922.5745;0.09;1048.1;1105.8;3
1777810447843;17041.1864;11922.5741;0.22;1048.1;1105.8;3
1777810449529;17041.1869;11922.5738;0.39;1048.1;1105.3;3
1777810451589;17041.1879;11922.5735;0.44;1048.1;1106.2;3
1777810454237;17041.1897;11922.5728;0.57;1048.1;1105.6;3
1777810456045;17041.1903;11922.5721;0.51;1062.3;1105.7;3
1777810457501;17041.1901;11922.5715;0.41;1062.3;1105.7;3
1777810461065;17041.1903;11922.5712;0.03;1062.3;1105.8;3
1777810462389;17041.1904;11922.5711;0.10;1062.3;1106.8;3
1777810464040;17041.1894;11922.5710;0.33;1062.3;1106.1;3
1777810465401;17041.1882;11922.5712;0.42;1062.3;1106.2;3
1777810467027;17041.1866;11922.5719;0.59;1062.3;1106.6;3
1777810468452;17041.1854;11922.5724;0.55;1048.1;1106.6;3
1777810496536;17041.1816;11922.5616;0.36;1060.2;1111.1;10
1777810498989;17041.1801;11922.5611;0.40;1060.2;1111.2;7
1777810502017;17041.1808;11922.5619;0.09;1060.2;1111.5;4
1777810503753;17041.1812;11922.5620;0.52;1060.2;1111.7;5
1777810505587;17041.1823;11922.5632;0.25;1060.2;1111.2;4
1777810507596;17041.1828;11922.5635;0.33;1060.2;1111.8;4
1777810510368;17041.1851;11922.5622;0.32;1062.3;1111.9;3
1777810512535;17041.1868;11922.5624;0.28;1062.3;1113.2;3
1777810513962;17041.1872;11922.5627;0.33;1062.3;1113.6;3
1777810515903;17041.1887;11922.5632;0.45;1062.3;1113.8;3
1777810518020;17041.1904;11922.5638;0.54;1062.3;1114.0;3
1777810519436;17041.1916;11922.5641;0.66;1062.3;1114.0;3
1777810521360;17041.1940;11922.5622;0.84;1062.3;1113.2;3
1777810522771;17041.1954;11922.5616;0.79;1062.3;1113.2;3
1777810524516;17041.1965;11922.5599;0.82;1062.3;1113.5;3
1777810572389;17041.1971;11922.5383;0.12;1074.2;1120.7;11
1777810575031;17041.1994;11922.5430;0.46;1074.2;1120.7;7
1777810578043;17041.2004;11922.5407;0.72;1074.2;1121.3;3
1777810579740;17041.2005;11922.5403;0.60;1074.2;1121.3;4
1777810581469;17041.2004;11922.5397;0.33;1074.2;1120.3;3
1777810583371;17041.2003;11922.5395;0.24;1074.2;1120.4;3
1777810584848;17041.2010;11922.5405;0.31;1074.2;1120.3;3
1777810586401;17041.2011;11922.5405;0.24;1074.2;1120.3;3
1777810588088;17041.2017;11922.5403;0.33;1074.2;1121.0;3
1777810589525;17041.2017;11922.5402;0.30;1074.2;1121.1;3
1777810591611;17041.2017;11922.5397;0.24;1074.2;1120.7;3
1777810592974;17041.2013;11922.5391;0.17;1074.2;1120.6;3
1777810594584;17041.2013;11922.5389;0.19;1074.2;1120.8;3
1777810596025;17041.2015;11922.5386;0.23;1074.2;1121.1;3
1777810597680;17041.2017;11922.5383;0.20;1074.2;1121.5;3
1777810600080;17041.2024;11922.5375;0.14;1074.2;1122.1;3
1777810606288;17041.2046;11922.5431;0.11;1074.2;1121.9;8
1777810609059;17041.2047;11922.5404;0.38;1074.2;1122.1;6
1777810610885;17041.2048;11922.5399;0.19;1074.2;1122.1;6
1777810612608;17041.2064;11922.5392;0.27;1074.2;1122.1;6
1777810614190;17041.2065;11922.5388;0.21;1074.2;1122.2;5
1777810615671;17041.2054;11922.5382;0.32;1074.2;1121.6;5
1777810617034;17041.2053;11922.5381;0.23;1074.2;1121.7;3
1777810618568;17041.2051;11922.5376;0.20;1074.2;1122.0;3
1777810620475;17041.2052;11922.5373;0.18;1074.2;1122.0;3
1777810622195;17041.2056;11922.5364;0.15;1074.2;1122.0;3
1777810624000;17041.2056;11922.5361;0.13;1074.2;1122.0;3
1777810625558;17041.2054;11922.5348;0.42;1074.2;1122.1;3
1777810707981;17041.2290;11922.5285;0.18;1071.0;1124.4;9
1777810710352;17041.2335;11922.5259;0.24;1071.0;1123.8;9
1777810714039;17041.2306;11922.5238;0.23;1071.0;1123.9;7
1777810716152;17041.2303;11922.5237;0.24;1071.0;1123.9;5
1777810717636;17041.2308;11922.5224;0.29;1071.0;1124.9;4
1777810719732;17041.2308;11922.5220;0.24;1071.0;1125.0;3
1777810721527;17041.2311;11922.5212;0.21;1071.0;1124.7;3
1777810722955;17041.2316;11922.5202;0.22;1071.0;1124.8;3
1777810724399;17041.2321;11922.5200;0.26;1071.0;1125.2;3
1777810725988;17041.2324;11922.5196;0.17;1071.0;1124.7;3
1777810727840;17041.2328;11922.5194;0.21;1071.0;1125.2;3
1777810730339;17041.2346;11922.5190;0.30;1071.0;1125.3;3
1777810732024;17041.2365;11922.5192;0.37;1071.0;1125.4;3
1777810733602;17041.2375;11922.5195;0.31;1071.0;1125.5;3
1777810738823;17041.2381;11922.5196;0.31;1071.0;1125.9;4
1777810740394;17041.2381;11922.5196;0.26;1071.0;1126.2;5
1777810742030;17041.2380;11922.5195;0.20;1071.0;1126.4;5
1777810743526;17041.2423;11922.5180;0.40;1071.0;1126.5;4
1777810745045;17041.2439;11922.5170;0.33;1082.6;1127.0;4
1777810746359;17041.2447;11922.5166;0.29;1082.6;1127.0;4
1777810747900;17041.2452;11922.5166;0.27;1082.6;1127.0;3
1777810749313;17041.2480;11922.5178;0.54;1082.6;1126.4;3
1777810751015;17041.2499;11922.5180;0.73;1082.6;1126.3;3
1777810752896;17041.2522;11922.5180;0.80;1082.6;1126.3;3
1777810754515;17041.2538;11922.5182;0.73;1082.6;1126.2;3
1777810756167;17041.2553;11922.5180;0.76;1082.6;1126.3;3
1777810757671;17041.2557;11922.5172;0.60;1082.6;1126.3;3
1777810759307;17041.2555;11922.5161;0.54;1082.6;1126.3;3
1777810762642;17041.2539;11922.5162;0.12;1082.6;1127.0;3
1777810764318;17041.2533;11922.5155;0.19;1082.6;1127.3;3
1777810765715;17041.2533;11922.5155;0.13;1082.6;1127.3;3
1777810788770;17041.2479;11922.5027;0.35;1082.6;1130.4;17
1777810792031;17041.2548;11922.5062;0.26;1082.6;1130.4;11
1777810794873;17041.2550;11922.5062;0.18;1082.6;1130.3;8
1777810796419;17041.2568;11922.5071;0.35;1082.6;1130.8;5
1777810798058;17041.2585;11922.5077;0.33;1082.6;1130.4;4
1777810800042;17041.2603;11922.5083;0.45;1082.6;1130.4;3
1777810801674;17041.2620;11922.5098;0.49;1082.6;1130.3;3
1777810803330;17041.2628;11922.5106;0.50;1082.6;1130.3;3
1777810807053;17041.2623;11922.5111;0.21;1082.6;1130.3;3
1777810808728;17041.2622;11922.5108;0.15;1082.6;1130.2;3
1777810811099;17041.2638;11922.5109;0.29;1082.6;1130.6;3
1777810812958;17041.2642;11922.5110;0.22;1082.6;1130.6;3
1777810819030;17041.2659;11922.5090;0.11;1082.6;1130.5;9
1777810821942;17041.2653;11922.5104;0.11;1082.6;1130.3;10
1777810825020;17041.2658;11922.5117;0.15;1082.6;1130.3;7
1777810826406;17041.2659;11922.5119;0.11;1082.6;1130.2;6
1777810828033;17041.2654;11922.5111;0.04;1082.6;1130.2;4
1777810830499;17041.2652;11922.5109;0.12;1082.6;1130.2;3
1777810832187;17041.2653;11922.5093;0.23;1082.6;1130.4;3
1777810833653;17041.2653;11922.5091;0.23;1082.6;1130.4;3
1777810835287;17041.2651;11922.5059;0.60;1082.6;1130.5;3
1777810837022;17041.2649;11922.5053;0.21;1082.6;1131.0;3
1777810839330;17041.2649;11922.5052;0.17;1082.6;1131.5;3
1777810842936;17041.2646;11922.5042;0.09;1082.6;1131.3;3
1777810845734;17041.2646;11922.5041;0.04;1082.6;1131.5;3
1777810847548;17041.2644;11922.5036;0.10;1082.6;1131.8;3
1777810848987;17041.2644;11922.5035;0.11;1082.6;1131.9;3
1777810850870;17041.2642;11922.5027;0.25;1082.6;1131.9;3
1777810852930;17041.2638;11922.5018;0.36;1082.6;1132.2;3
1777810855054;17041.2634;11922.5020;0.19;1082.6;1133.0;3
1777810857139;17041.2635;11922.5019;0.20;1082.6;1133.1;3
1777810858991;17041.2630;11922.5020;0.19;1082.6;1133.2;3
1777810860835;17041.2629;11922.5017;0.20;1082.6;1133.7;3
1777810862753;17041.2624;11922.5010;0.26;1082.6;1134.7;3
1777810864658;17041.2618;11922.5010;0.23;1082.6;1134.6;3
1777810866287;17041.2620;11922.5011;0.27;1082.6;1134.9;3
1777810868087;17041.2620;11922.5007;0.17;1082.6;1135.3;3
1777810869722;17041.2622;11922.5006;0.18;1082.6;1135.6;3
1777810880352;17041.2634;11922.4989;0.31;1082.6;1138.6;9
1777810881879;17041.2641;11922.4981;0.21;1082.6;1138.7;7
1777810883855;17041.2672;11922.4957;0.48;1082.6;1138.7;6
1777810885910;17041.2688;11922.4946;0.49;1082.6;1139.0;6
1777810887551;17041.2726;11922.4965;0.66;1087.3;1139.0;4
1777810889038;17041.2741;11922.4966;0.69;1087.3;1139.1;4
1777810891097;17041.2761;11922.4963;0.72;1087.3;1139.2;3
1777810892781;17041.2771;11922.4960;0.69;1087.3;1139.9;3
1777810894459;17041.2787;11922.4955;0.81;1087.3;1140.2;3
1777810896239;17041.2795;11922.4955;0.73;1087.3;1140.3;3
1777810898048;17041.2803;11922.4948;0.72;1087.3;1141.0;3
1777810900408;17041.2809;11922.4929;0.69;1087.3;1141.3;3
1777810902354;17041.2806;11922.4918;0.60;1087.3;1141.0;3
1777810904050;17041.2815;11922.4908;0.68;1093.0;1141.5;3
1777810905915;17041.2825;11922.4909;0.50;1093.0;1142.0;3
1777810907718;17041.2841;11922.4914;0.61;1093.0;1142.1;3
1777810909197;17041.2855;11922.4914;0.68;1093.0;1142.3;3
1777810911056;17041.2868;11922.4917;0.58;1093.0;1142.5;3
1777810912920;17041.2884;11922.4920;0.67;1087.3;1142.8;3
1777810914415;17041.2892;11922.4912;0.66;1093.0;1142.8;3
1777810916039;17041.2902;11922.4906;0.70;1093.0;1142.9;3
1777810917911;17041.2918;11922.4898;0.76;1093.0;1143.0;3
1777810919718;17041.2931;11922.4892;0.68;1093.0;1143.3;3
1777810921556;17041.2946;11922.4884;0.78;1093.0;1143.5;3
1777810923235;17041.2948;11922.4878;0.69;1093.0;1143.9;3
1777810924985;17041.2950;11922.4868;0.63;1093.0;1144.1;3
1777810927073;17041.2955;11922.4856;0.59;1093.0;1144.3;3
1777810928852;17041.2945;11922.4858;0.31;1093.0;1144.7;3
1777810930680;17041.2940;11922.4853;0.32;1093.0;1145.1;3
1777810932156;17041.2942;11922.4850;0.29;1093.0;1145.3;3
1777810933638;17041.2942;11922.4844;0.32;1093.0;1145.6;3
1777810935434;17041.2946;11922.4836;0.33;1093.0;1146.2;3
1777810937049;17041.2957;11922.4834;0.42;1093.0;1146.5;3
1777810939404;17041.2975;11922.4832;0.54;1093.0;1146.7;3
1777810941136;17041.2993;11922.4841;0.52;1093.0;1148.1;3
1777810942720;17041.3008;11922.4842;0.65;1093.0;1148.3;3
1777810944433;17041.3016;11922.4845;0.57;1100.1;1148.0;3
1777810945946;17041.3014;11922.4846;0.16;1100.1;1148.0;3
1777810948976;17041.3011;11922.4847;0.05;1093.0;1148.2;3
1777810951963;17041.3010;11922.4847;0.07;1093.0;1148.3;3
1777810954454;17041.3012;11922.4847;0.08;1093.0;1148.1;3
1777810957945;17041.3010;11922.4846;0.08;1093.0;1148.4;3
1777810960944;17041.3010;11922.4846;0.06;1093.0;1148.4;3
1777810962758;17041.3011;11922.4846;0.07;1093.0;1148.4;3
1777810966410;17041.3011;11922.4849;0.07;1093.0;1147.7;3
1777810968470;17041.3022;11922.4847;0.34;1100.1;1148.6;3
1777810970034;17041.3027;11922.4847;0.26;1100.1;1148.6;3
1777810972185;17041.3031;11922.4851;0.32;1100.1;1148.7;3
1777810973829;17041.3049;11922.4846;0.49;1100.1;1148.8;3
1777810975308;17041.3061;11922.4846;0.63;1100.1;1148.9;3
1777810977135;17041.3078;11922.4837;0.67;1100.1;1149.2;3
1777810978959;17041.3089;11922.4831;0.57;1100.1;1149.6;3
1777810980587;17041.3097;11922.4821;0.63;1100.1;1149.8;3
1777810981991;17041.3100;11922.4811;0.74;1100.1;1149.7;3
1777810984197;17041.3119;11922.4804;0.73;1100.1;1150.2;3
1777810985969;17041.3130;11922.4814;0.52;1100.1;1150.1;3
1777810987873;17041.3144;11922.4809;0.64;1100.1;1150.5;3
1777810989516;17041.3162;11922.4823;0.67;1100.1;1151.7;3
1777810991055;17041.3175;11922.4828;0.63;1100.1;1152.0;3
1777811024478;17041.3335;11922.4841;0.20;1108.6;1159.1;8
1777811026938;17041.3363;11922.4825;0.19;1108.6;1159.0;8
1777811029986;17041.3358;11922.4825;0.10;1108.6;1159.6;8
1777811033014;17041.3358;11922.4823;0.03;1108.6;1159.4;9
1777811034878;17041.3358;11922.4822;0.03;1108.6;1159.4;9
1777811036773;17041.3358;11922.4795;0.13;1108.6;1159.4;6
1777811038258;17041.3359;11922.4791;0.20;1108.6;1159.4;4
1777811040089;17041.3359;11922.4772;0.44;1108.6;1159.7;3
1777811041946;17041.3357;11922.4765;0.50;1108.6;1159.8;3
1777811043486;17041.3366;11922.4746;0.50;1108.6;1160.0;3
1777811045025;17041.3383;11922.4743;0.62;1108.6;1160.3;3
1777811046367;17041.3399;11922.4745;0.53;1108.6;1160.5;3
1777811048022;17041.3414;11922.4757;0.72;1108.6;1160.4;3
1777811049586;17041.3422;11922.4774;0.79;1108.6;1161.0;3
1777811051046;17041.3430;11922.4782;0.70;1108.6;1160.6;3
1777811052922;17041.3447;11922.4782;0.67;1108.6;1161.2;3
1777811054412;17041.3459;11922.4776;0.61;1108.6;1161.8;3
1777811056147;17041.3475;11922.4772;0.72;1108.6;1161.9;3
1777811057537;17041.3489;11922.4767;0.61;1108.6;1161.4;3
1777811059062;17041.3505;11922.4766;0.85;1108.6;1161.5;3
1777811073651;17041.3638;11922.4814;0.19;1115.0;1163.8;9
1777811075955;17041.3633;11922.4819;0.69;1115.0;1163.7;7
1777811079015;17041.3671;11922.4819;0.30;1115.0;1163.5;4
1777811080451;17041.3676;11922.4817;0.62;1115.0;1163.6;4
1777811082041;17041.3678;11922.4816;0.53;1115.0;1164.0;4
1777811083436;17041.3692;11922.4820;0.48;1115.0;1164.2;4
1777811084838;17041.3696;11922.4818;0.41;1115.0;1164.3;4
1777811087057;17041.3707;11922.4807;0.27;1115.0;1163.7;3
1777811088482;17041.3706;11922.4804;0.16;1115.0;1164.6;3
1777811090061;17041.3706;11922.4800;0.17;1115.0;1164.8;3
1777811091636;17041.3720;11922.4787;0.71;1115.0;1164.7;3
1777811093123;17041.3736;11922.4779;0.76;1115.0;1164.5;3
1777811094877;17041.3743;11922.4770;0.61;1115.0;1165.2;3
1777811096697;17041.3756;11922.4773;0.58;1115.0;1165.3;3
1777811098928;17041.3766;11922.4773;0.54;1115.0;1166.0;3
1777811100702;17041.3776;11922.4771;0.56;1115.0;1165.9;3
1777811102338;17041.3788;11922.4773;0.58;1115.0;1166.0;3
1777811103782;17041.3806;11922.4771;0.73;1115.0;1165.7;3
1777811106003;17041.3826;11922.4779;0.54;1115.0;1166.5;3
1777811107373;17041.3833;11922.4785;0.51;1115.0;1166.9;3
1777811108878;17041.3842;11922.4790;0.53;1115.0;1167.3;3
1777811110756;17041.3858;11922.4802;0.60;1115.0;1167.6;3
1777811112585;17041.3870;11922.4816;0.78;1116.8;1167.4;3
1777811114349;17041.3887;11922.4821;0.78;1116.8;1167.8;3
1777811116533;17041.3899;11922.4814;0.57;1116.8;1168.5;3
1777811118029;17041.3897;11922.4816;0.23;1116.8;1168.3;3
1777811120509;17041.3901;11922.4814;0.30;1116.8;1168.7;3
1777811189618;17041.3865;11922.4765;0.14;1115.0;1168.9;8
1777811191941;17041.3913;11922.4815;0.12;1116.8;1169.3;8
1777811194990;17041.3933;11922.4826;0.11;1116.8;1169.3;8
1777811197937;17041.3936;11922.4828;0.01;1116.8;1169.2;7
1777811200972;17041.3937;11922.4827;0.02;1116.8;1169.4;6
1777811203953;17041.3936;11922.4826;0.02;1116.8;1169.7;5
1777811206943;17041.3936;11922.4827;0.02;1116.8;1169.6;4
1777811209939;17041.3936;11922.4827;0.02;1116.8;1169.5;4
1777811213049;17041.3932;11922.4825;0.28;1116.8;1169.3;3
1777811214681;17041.3932;11922.4825;0.28;1116.8;1169.3;3
1777811216733;17041.3926;11922.4815;0.51;1116.8;1169.7;3
1777811218359;17041.3924;11922.4813;0.52;1116.8;1169.7;3
1777811220040;17041.3915;11922.4782;0.76;1116.8;1169.1;3
1777811221632;17041.3917;11922.4767;0.82;1116.8;1169.1;3
1777811223031;17041.3962;11922.4768;1.21;1116.8;1168.8;3
1777811224910;17041.3988;11922.4761;1.10;1116.8;1168.6;3
1777811226396;17041.4003;11922.4755;1.01;1116.8;1168.5;3
1777811227984;17041.4018;11922.4744;0.98;1116.8;1168.6;3
1777811230394;17041.4042;11922.4724;1.00;1116.8;1168.7;3
1777811232011;17041.4061;11922.4718;1.09;1116.8;1169.0;3
1777811233498;17041.4081;11922.4722;1.05;1116.8;1169.1;3
1777811234882;17041.4098;11922.4719;0.92;1116.8;1169.2;3
1777811236779;17041.4118;11922.4712;0.91;1116.8;1169.3;3
1777811238452;17041.4132;11922.4712;0.76;1116.8;1169.3;3
1777811240018;17041.4143;11922.4714;0.72;1116.8;1169.3;3
1777811241829;17041.4156;11922.4716;0.65;1113.6;1169.3;3
1777811243366;17041.4167;11922.4727;0.82;1113.6;1169.4;3
1777811244974;17041.4185;11922.4734;0.86;1113.6;1169.4;3
1777811246698;17041.4190;11922.4726;0.64;1113.6;1169.0;3
1777811248176;17041.4201;11922.4721;0.70;1113.6;1169.0;3
1777811249637;17041.4209;11922.4710;0.73;1113.6;1169.5;3
1777811251207;17041.4225;11922.4703;0.84;1120.2;1169.6;3
1777811252886;17041.4232;11922.4692;0.71;1120.2;1169.2;3
1777811254254;17041.4242;11922.4685;0.76;1120.2;1169.3;3
1777811256182;17041.4262;11922.4682;0.93;1120.2;1169.6;3
1777811257854;17041.4283;11922.4689;1.02;1120.2;1169.6;3
1777811259235;17041.4292;11922.4686;0.95;1120.2;1169.8;3
1777811260694;17041.4310;11922.4685;0.94;1120.2;1169.9;3
1777811262110;17041.4316;11922.4680;0.90;1120.2;1169.8;3
1777811263483;17041.4332;11922.4676;0.96;1120.2;1169.9;3
1777811265705;17041.4350;11922.4674;0.92;1120.2;1170.8;3
1777811763122;17041.7959;11922.3789;0.33;1119.2;1195.1;11
1777811764922;17041.8078;11922.3599;0.38;1131.0;1194.8;8
1777811768989;17041.8095;11922.3580;0.16;1131.0;1194.9;7
1777811771890;17041.8100;11922.3577;0.01;1131.0;1195.0;4
1777811774178;17041.8101;11922.3577;0.01;1131.0;1195.1;4
1777812220149;17042.0463;11922.3162;0.49;1136.8;1196.9;12
1777812222938;17042.0378;11922.3124;0.98;1136.8;1196.9;9
1777812225900;17042.0375;11922.3117;0.92;1136.8;1196.8;5
1777812227887;17042.0378;11922.3118;0.66;1136.8;1197.2;5
1777812229981;17042.0425;11922.3122;0.90;1136.8;1196.7;4
1777812231918;17042.0444;11922.3118;0.98;1136.8;1196.2;4
1777812233597;17042.0468;11922.3113;0.96;1136.8;1196.0;3
1777812235157;17042.0484;11922.3121;0.99;1136.8;1195.4;3
1777812236777;17042.0503;11922.3130;1.06;1132.5;1195.1;3
1777812238659;17042.0509;11922.3152;0.77;1132.5;1195.0;3
1777812240203;17042.0520;11922.3163;0.70;1132.5;1194.6;3
1777812241892;17042.0529;11922.3147;0.73;1132.5;1194.5;3
1777812243528;17042.0537;11922.3140;0.45;1132.5;1193.8;3
1777812245323;17042.0545;11922.3139;0.32;1132.5;1193.7;3
1777812246955;17042.0553;11922.3139;0.43;1132.5;1193.9;3
1777812248446;17042.0563;11922.3140;0.52;1132.5;1193.8;3
1777812249947;17042.0580;11922.3146;0.83;1132.5;1193.0;3
1777812251810;17042.0602;11922.3145;0.89;1132.5;1192.9;3
1777812253675;17042.0621;11922.3130;0.84;1132.5;1193.0;3
1777812255184;17042.0633;11922.3130;0.80;1132.5;1192.8;3
1777812256774;17042.0654;11922.3134;0.87;1132.5;1192.3;3
1777812258944;17042.0670;11922.3126;0.61;1132.5;1192.1;3
1777812260412;17042.0680;11922.3121;0.63;1132.5;1191.9;3
1777812261982;17042.0693;11922.3110;0.82;1132.5;1191.8;3
1777812263433;17042.0703;11922.3103;0.69;1132.5;1191.7;3
1777812264961;17042.0707;11922.3093;0.77;1132.5;1191.2;3
1777812266804;17042.0716;11922.3085;0.80;1132.5;1191.2;3
1777812268559;17042.0732;11922.3074;0.68;1132.5;1192.1;3
1777812270203;17042.0748;11922.3076;0.76;1132.5;1192.4;3
1777812272074;17042.0770;11922.3083;0.93;1132.5;1191.7;3
1777812273639;17042.0789;11922.3083;1.05;1128.4;1191.7;3
1777812274962;17042.0803;11922.3081;1.02;1128.4;1192.2;3
1777812276650;17042.0824;11922.3074;1.07;1128.4;1191.6;3
1777812278119;17042.0836;11922.3065;1.12;1131.8;1191.1;3
1777812279796;17042.0859;11922.3062;1.11;1131.8;1190.9;3
1777812281821;17042.0890;11922.3057;1.04;1131.8;1190.9;3
1777812283371;17042.0909;11922.3052;1.04;1131.8;1191.1;3
1777812285362;17042.0933;11922.3045;1.03;1131.8;1191.2;3
1777812287253;17042.0943;11922.3044;0.86;1131.8;1191.8;3
1777812288654;17042.0960;11922.3035;0.87;1131.8;1192.2;3
1777812290266;17042.0966;11922.3034;0.75;1131.8;1192.5;3
1777812291859;17042.0986;11922.3031;1.01;1131.8;1192.5;3
1777812293227;17042.1007;11922.3027;1.10;1131.8;1192.0;3
1777812294954;17042.1031;11922.3020;1.06;1131.8;1192.1;3
1777812296763;17042.1050;11922.3010;0.99;1131.8;1192.0;3
1777812298123;17042.1062;11922.3010;0.78;1129.0;1191.9;3
1777812299784;17042.1080;11922.3006;0.92;1129.0;1191.8;3
1777812301319;17042.1099;11922.2996;1.01;1129.0;1191.3;3
1777812303238;17042.1116;11922.2982;1.01;1129.0;1190.8;3
1777812304922;17042.1134;11922.2980;0.96;1129.0;1190.9;3
1777812306578;17042.1156;11922.2981;1.02;1129.0;1190.9;3
1777812308366;17042.1168;11922.2974;0.91;1129.0;1190.4;3
1777812309924;17042.1186;11922.2976;0.98;1129.0;1190.0;3
1777812311304;17042.1200;11922.2972;0.99;1129.0;1190.0;3
1777812312797;17042.1219;11922.2963;1.05;1129.0;1189.8;3
1777812314386;17042.1238;11922.2953;1.04;1129.0;1189.3;3
1777812315792;17042.1258;11922.2945;1.06;1129.0;1189.2;3
1777812317686;17042.1277;11922.2929;1.02;1129.0;1189.5;3
1777812319550;17042.1295;11922.2917;0.99;1129.0;1189.4;3
1777812321144;17042.1313;11922.2910;0.98;1129.0;1189.4;3
1777812322782;17042.1334;11922.2918;1.04;1129.0;1189.3;3
1777812324535;17042.1354;11922.2919;1.01;1129.8;1189.4;3
1777812326899;17042.1388;11922.2920;1.15;1129.8;1189.5;3
1777812328427;17042.1423;11922.2918;1.20;1129.8;1189.0;3
1777812330009;17042.1443;11922.2919;1.19;1129.8;1189.0;3
1777812331680;17042.1471;11922.2925;1.23;1129.8;1189.4;3
1777812333058;17042.1495;11922.2930;1.27;1129.8;1189.3;3
1777812334791;17042.1512;11922.2929;1.26;1129.8;1189.0;3
1777812336663;17042.1548;11922.2919;1.14;1129.8;1188.8;3
1777812338350;17042.1564;11922.2929;1.01;1129.8;1189.2;3
1777812339931;17042.1583;11922.2937;1.05;1129.8;1189.4;3
1777812341705;17042.1601;11922.2945;1.01;1129.8;1189.7;3
1777812343171;17042.1619;11922.2947;0.87;1129.8;1189.5;3
1777812344780;17042.1636;11922.2949;0.92;1136.4;1189.5;3
1777812347003;17042.1671;11922.2952;1.14;1136.4;1190.9;3
1777812348543;17042.1692;11922.2953;1.12;1136.4;1191.2;3
1777812350184;17042.1718;11922.2963;1.17;1136.4;1190.9;3
1777812351872;17042.1737;11922.2970;0.95;1136.4;1191.7;3
1777812353531;17042.1753;11922.2976;0.96;1136.4;1191.9;3
1777812354916;17042.1765;11922.2980;0.98;1136.4;1191.9;3
1777812356467;17042.1780;11922.2983;1.00;1136.4;1192.4;3
1777812357918;17042.1796;11922.2984;0.96;1136.4;1193.5;3
1777812359628;17042.1814;11922.2985;0.94;1136.4;1193.8;3
1777812361511;17042.1831;11922.2975;0.75;1136.4;1194.0;3
1777812363441;17042.1846;11922.2963;0.75;1136.4;1194.2;3
1777812365213;17042.1855;11922.2952;0.69;1136.4;1193.6;3
1777812366647;17042.1866;11922.2946;0.73;1136.4;1193.7;3
1777812368067;17042.1876;11922.2942;0.73;1136.4;1194.6;3
1777812369558;17042.1892;11922.2940;0.85;1136.4;1194.8;3
1777812371567;17042.1913;11922.2928;0.84;1136.4;1195.1;3
1777812373118;17042.1933;11922.2926;1.06;1137.0;1194.5;3
1777812375050;17042.1957;11922.2925;0.90;1137.0;1194.7;3
1777812376483;17042.1972;11922.2914;1.01;1137.0;1195.0;3
1777812377881;17042.1988;11922.2910;0.94;1137.0;1195.1;3
1777812379316;17042.2004;11922.2907;0.96;1137.0;1195.8;3
1777812380702;17042.2021;11922.2905;0.98;1137.0;1196.0;3
1777812382099;17042.2037;11922.2905;0.91;1137.0;1196.1;3
1777812383869;17042.2058;11922.2904;0.96;1137.0;1196.3;3
1777812385453;17042.2072;11922.2898;0.80;1137.0;1196.5;3
1777812386863;17042.2088;11922.2897;0.89;1137.0;1196.9;3
1777812388455;17042.2104;11922.2900;0.91;1137.0;1197.3;3
1777812390483;17042.2129;11922.2903;0.93;1137.0;1197.8;3
1777812391891;17042.2139;11922.2902;0.86;1137.0;1197.8;3
1777812393894;17042.2162;11922.2907;0.96;1137.0;1198.2;3
1777812396018;17042.2187;11922.2907;0.91;1137.0;1198.5;3
1777812398188;17042.2209;11922.2891;0.93;1140.6;1198.7;3
1777812399950;17042.2228;11922.2883;0.96;1140.6;1198.8;3
1777812401683;17042.2247;11922.2872;1.06;1140.6;1199.0;3
1777812403662;17042.2287;11922.2864;1.25;1140.6;1199.2;3
1777812405560;17042.2310;11922.2856;1.20;1144.5;1199.3;3
1777812407477;17042.2329;11922.2840;1.07;1144.5;1199.2;3
1777812408979;17042.2345;11922.2835;0.98;1144.5;1199.4;3
1777812410413;17042.2360;11922.2831;1.00;1144.5;1199.6;3
1777812411758;17042.2379;11922.2827;1.03;1144.5;1199.5;3
1777812413431;17042.2390;11922.2825;0.97;1144.5;1199.9;3
1777812414947;17042.2409;11922.2818;1.05;1144.5;1200.0;3
1777812416649;17042.2429;11922.2819;1.07;1144.5;1200.6;3
1777812556839;17042.2860;11922.2874;0.03;1168.8;1219.3;7
1777812559844;17042.2860;11922.2871;0.03;1168.8;1219.6;5
1777812562787;17042.2858;11922.2868;0.03;1168.8;1219.6;8
1777812704278;17042.3203;11922.3070;0.07;1187.4;1234.8;6
1777812706887;17042.3199;11922.3066;0.07;1187.4;1235.2;7
1777812709902;17042.3195;11922.3063;0.07;1187.4;1235.2;7
1777812712031;17042.3194;11922.3064;0.06;1187.4;1235.2;9
1777812806841;17042.3489;11922.3460;0.09;1195.4;1238.5;9
1777812809909;17042.3536;11922.3583;0.07;1183.3;1238.6;8
1777812812877;17042.3543;11922.3604;0.04;1183.3;1238.6;19
1777812815898;17042.3550;11922.3605;0.46;1183.3;1238.6;11
1777812817287;17042.3533;11922.3578;0.27;1183.3;1238.6;8
1777812818888;17042.3546;11922.3558;0.39;1183.3;1238.8;4
1777812820690;17042.3558;11922.3544;0.48;1183.3;1238.8;4
1777812822662;17042.3575;11922.3538;0.51;1183.3;1239.0;3
1777812824125;17042.3586;11922.3534;0.57;1186.1;1239.2;3
1777812825684;17042.3606;11922.3530;0.90;1186.1;1238.9;3
1777812827789;17042.3619;11922.3511;0.85;1186.1;1239.6;3
1777812830211;17042.3620;11922.3507;0.46;1186.1;1240.2;3
1777812831809;17042.3633;11922.3510;0.62;1186.1;1240.0;3
1777812833892;17042.3642;11922.3497;0.65;1203.5;1240.6;3
1777812835944;17042.3645;11922.3487;0.53;1203.5;1240.8;3
1777812837863;17042.3641;11922.3488;0.29;1203.5;1240.9;3
1777812839524;17042.3638;11922.3487;0.30;1203.5;1241.4;3
1777812841290;17042.3634;11922.3486;0.23;1203.5;1242.2;3
1777812842915;17042.3637;11922.3478;0.64;1203.5;1242.6;3
1777812844304;17042.3633;11922.3465;0.68;1203.5;1243.0;3
1777812845835;17042.3631;11922.3457;0.37;1203.5;1243.1;3
1777812847906;17042.3627;11922.3448;0.39;1203.5;1243.3;3
1777812849381;17042.3623;11922.3443;0.51;1203.5;1243.7;3
1777812851080;17042.3612;11922.3432;0.75;1203.5;1244.2;3
1777812853074;17042.3605;11922.3423;0.76;1203.5;1245.1;3
1777812854935;17042.3600;11922.3406;0.65;1203.5;1245.4;3
1777812856709;17042.3602;11922.3412;0.45;1203.5;1245.8;3
1777812858371;17042.3606;11922.3411;0.34;1203.5;1245.7;3
1777812859913;17042.3609;11922.3410;0.25;1203.5;1245.8;3
1777812861842;17042.3629;11922.3418;0.56;1203.5;1245.7;3
1777812863727;17042.3648;11922.3421;0.68;1203.5;1246.4;3
1777812865348;17042.3669;11922.3429;0.87;1203.5;1246.8;3
1777812866883;17042.3687;11922.3430;0.66;1203.5;1247.2;3
1777812868765;17042.3701;11922.3434;0.77;1203.5;1247.4;3
1777812870753;17042.3715;11922.3430;0.70;1203.5;1248.5;3
1777812872680;17042.3732;11922.3429;0.78;1203.5;1248.6;3
1777812874041;17042.3741;11922.3400;0.92;1203.5;1249.3;3
1777812875726;17042.3730;11922.3386;0.96;1203.5;1249.7;3
1777812877116;17042.3715;11922.3383;0.72;1203.5;1249.9;3
1777812878904;17042.3719;11922.3376;0.94;1203.5;1250.1;3
1777812880380;17042.3721;11922.3370;0.76;1203.5;1250.6;3
1777812881637;17042.3710;11922.3367;0.45;1203.5;1250.8;3
1777812883474;17042.3692;11922.3375;0.24;1203.5;1252.1;3
1777812884925;17042.3687;11922.3372;0.40;1203.5;1252.2;3
1777812886492;17042.3681;11922.3366;0.42;1203.5;1252.3;3
1777812887882;17042.3675;11922.3358;0.48;1203.5;1252.7;3
1777812889650;17042.3679;11922.3353;0.26;1203.5;1253.0;3
1777812891209;17042.3674;11922.3341;0.31;1203.5;1252.9;3
1777812893458;17042.3669;11922.3330;0.34;1203.5;1253.2;3
1777812896217;17042.3669;11922.3313;0.34;1203.5;1254.2;3
1777812899920;17042.3673;11922.3316;0.07;1203.5;1255.6;3
1777812901611;17042.3674;11922.3315;0.09;1203.5;1255.7;3
1777812903058;17042.3668;11922.3313;0.45;1203.5;1255.9;3
1777812904886;17042.3662;11922.3308;0.39;1203.5;1256.0;3
1777812907017;17042.3659;11922.3296;0.43;1203.5;1255.8;3
1777812908945;17042.3664;11922.3289;0.37;1203.5;1256.3;3
1777812910759;17042.3672;11922.3277;0.48;1203.5;1256.4;3
1777812912709;17042.3672;11922.3263;0.54;1203.5;1257.0;3
1777812914392;17042.3674;11922.3253;0.60;1203.5;1257.4;3
1777812916127;17042.3677;11922.3238;0.69;1203.5;1257.7;3
1777812917929;17042.3681;11922.3230;0.54;1203.5;1258.0;3
1777812919517;17042.3682;11922.3222;0.57;1218.1;1258.2;3
1779619261627;16967.6220;11797.6493;0.09;1899.8;1959.3;3
1779619267663;16967.4250;11796.5265;0.05;2286.4;1959.3;12
1779619270335;16967.4163;11796.5215;0.25;2286.4;1959.3;8
1779619273417;16967.4152;11796.5205;0.26;2286.4;2316.0;4
1779619276451;16967.4149;11796.5204;0.26;2286.4;2327.0;5
1779619278910;16967.4146;11796.5209;0.38;2286.4;2327.0;5
1779619280890;16967.4153;11796.5208;0.14;2286.4;2320.0;4
1779619282270;16967.4154;11796.5208;0.14;2286.4;2320.0;3
1779619283733;16967.4173;11796.5217;0.11;2286.4;2327.0;3
1779619285443;16967.4172;11796.5217;0.09;2286.4;2327.0;3
1779619288409;16967.4168;11796.5219;0.07;2286.4;2327.0;3
1779619291361;16967.4165;11796.5219;0.05;2286.4;2327.0;3
1779619294485;16967.4162;11796.5220;0.06;2286.4;2327.0;3
1779619297332;16967.4159;11796.5222;0.06;2286.4;2327.0;3
1779619300456;16967.4157;11796.5223;0.05;2286.4;2327.1;3
1779619303451;16967.4158;11796.5223;0.06;2286.4;2329.0;3
1779619306453;16967.4159;11796.5222;0.00;2286.4;2329.9;3
1779619309328;16967.4159;11796.5222;0.01;2286.4;2330.0;3
1779619312423;16967.4159;11796.5222;0.02;2286.4;2330.0;3
1779619315352;16967.4159;11796.5222;0.02;2286.4;2329.9;3
1779619318340;16967.4160;11796.5223;0.03;2286.4;2329.9;3
1779619321338;16967.4161;11796.5223;0.03;2286.4;2329.9;3
1779619324351;16967.4162;11796.5225;0.03;2286.4;2329.0;3
1779619327440;16967.4163;11796.5226;0.03;2286.4;2329.0;3
1779619330432;16967.4164;11796.5227;0.03;2286.4;2329.0;3
1779619333448;16967.4164;11796.5227;0.03;2286.4;2329.1;3
1779619336442;16967.4165;11796.5228;0.03;2286.4;2329.1;3
1779619339338;16967.4165;11796.5228;0.03;2286.4;2329.0;3
1779619342444;16967.4164;11796.5229;0.03;2286.4;2329.8;3
1779619345417;16967.4164;11796.5230;0.03;2286.4;2329.9;3
1779619348423;16967.4163;11796.5231;0.03;2286.4;2329.9;3
1779619351444;16967.4162;11796.5233;0.03;2286.4;2329.9;3
1779619354432;16967.4161;11796.5234;0.03;2286.4;2330.0;3
1779619357432;16967.4161;11796.5235;0.03;2286.4;2329.9;3
1779619360443;16967.4160;11796.5236;0.03;2286.4;2330.0;3
1779619363428;16967.4160;11796.5237;0.03;2286.4;2329.9;3
1779619366449;16967.4159;11796.5237;0.03;2286.4;2330.1;3
1779619369431;16967.4158;11796.5238;0.03;2286.4;2330.1;3
1779619372427;16967.4158;11796.5239;0.03;2286.4;2330.1;3
1779619375538;16967.4158;11796.5239;0.03;2286.4;2330.1;3
1779619378387;16967.4158;11796.5240;0.03;2286.4;2330.1;3
1779619381424;16967.4158;11796.5241;0.03;2286.4;2330.1;3
1779619384429;16967.4158;11796.5242;0.03;2286.4;2330.2;3
1779619387445;16967.4158;11796.5242;0.03;2286.4;2330.1;3
1779619390441;16967.4158;11796.5243;0.03;2286.4;2330.1;3
1779619393421;16967.4159;11796.5243;0.03;2286.4;2330.8;3
1779619396441;16967.4159;11796.5243;0.03;2286.4;2330.8;3
1779619399348;16967.4160;11796.5243;0.03;2286.4;2330.8;3
1779619402413;16967.4160;11796.5243;0.03;2286.4;2330.9;3
1779619405409;16967.4160;11796.5243;0.03;2286.4;2331.0;3
1779619408348;16967.4160;11796.5244;0.03;2286.4;2331.0;3
1779619411435;16967.4160;11796.5244;0.03;2286.4;2331.1;3
1779619414428;16967.4160;11796.5244;0.03;2286.4;2331.1;3
1779619417460;16967.4160;11796.5244;0.03;2286.4;2331.1;3
1779619420402;16967.4160;11796.5244;0.03;2286.4;2331.1;3
1779619423448;16967.4160;11796.5244;0.03;2286.4;2331.9;3
1779619424861;16967.4160;11796.5244;0.03;2286.4;2331.9;3
1779619426383;16967.4160;11796.5244;0.08;2286.4;2331.2;3
1779619429379;16967.4160;11796.5244;0.04;2286.4;2332.0;3
1779619432430;16967.4160;11796.5244;0.04;2286.4;2332.0;3
1779619435449;16967.4159;11796.5243;0.03;2286.4;2332.0;3
1779619438484;16967.4159;11796.5243;0.02;2286.4;2332.1;3
1779620822621;16967.4159;11796.5243;0.02;2286.4;2332.1;3
1779620823275;16967.5517;11796.2111;3.64;2342.2;2332.1;10
1779620826203;16967.5452;11796.2077;1.84;2342.2;2332.1;7
1779620829226;16967.5482;11796.2086;0.54;2342.2;2394.0;3
1779620832215;16967.5484;11796.2087;0.27;2342.2;2395.0;3
1779620833988;16967.5485;11796.2087;0.26;2342.2;2395.0;3
1779620838294;16967.5486;11796.2088;0.06;2342.2;2394.0;3
1779620841239;16967.5486;11796.2088;0.05;2342.2;2394.0;3
1779620844193;16967.5486;11796.2088;0.07;2342.2;2394.0;3
1779620847280;16967.5486;11796.2089;0.07;2342.2;2394.0;3
1779620850248;16967.5486;11796.2083;0.19;2342.2;2394.1;3
1779620852069;16967.5488;11796.2082;0.18;2342.2;2394.1;3
1779620853451;16967.5493;11796.2074;0.29;2337.3;2394.1;3
1779621959132;16967.6825;11795.9738;0.15;2436.2;2493.0;10
1779621961114;16967.6909;11795.9675;0.03;2436.2;2493.1;10
1779621963178;16967.6977;11795.9572;0.09;2436.2;2493.2;9
1779621966186;16967.6980;11795.9559;0.00;2436.2;2493.2;7
1779621969203;16967.6980;11795.9556;0.01;2436.2;2493.2;4
1779621972186;16967.6980;11795.9555;0.01;2436.2;2493.0;4
1779621975099;16967.6968;11795.9543;0.32;2436.2;2492.8;3
1783598272734;16491.1450;11809.7577;0.57;103.8;151.8;4
1783598272794;16491.1450;11809.7577;0.57;103.8;151.8;4
1783598274147;16491.1473;11809.7622;0.37;103.4;151.4;5
1783598276096;16491.1492;11809.7644;0.34;103.3;151.3;6
1783598278074;16491.1511;11809.7663;0.45;103.3;151.3;6
1783598280091;16491.1538;11809.7688;0.27;103.4;151.4;4
1785954360437;17014.5378;11882.9473;0.09;1143.7;1203.7;28
1785954363159;17014.5360;11882.9486;0.37;1147.8;1203.7;12
1785954365103;17014.5362;11882.9489;0.37;1147.8;1203.7;12
1785954369156;17014.5375;11882.9494;3.99;1143.7;1203.7;13
1785954372160;17014.5458;11882.9552;5.22;1147.1;1203.7;26
1785954375139;17014.5375;11882.9738;2.24;1147.1;1203.8;37
1785954378191;17014.5347;11882.9778;0.74;1150.8;1203.8;42
1785954381209;17014.5337;11882.9602;0.02;1150.8;1203.7;35
1785954382917;17014.5338;11882.9564;0.08;1150.8;1203.7;21
1785954385106;17014.5324;11882.9566;0.08;1150.8;1203.7;14
1785954387152;17014.5311;11882.9551;0.63;1150.8;1203.7;12
1785954390226;17014.5301;11882.9562;0.61;1150.8;1203.7;8
1785954393249;17014.5295;11882.9560;0.16;1150.8;1203.7;9
1785954396207;17014.5294;11882.9563;0.25;1150.8;1203.7;9
1785954397731;17014.5294;11882.9564;0.25;1150.8;1203.7;9
1785954399206;17014.5294;11882.9554;0.16;1150.8;1203.7;8
1785954402210;17014.5292;11882.9556;0.38;1150.8;1203.7;8
1785954404161;17014.5290;11882.9558;0.38;1150.8;1203.7;8
1785954408154;17014.5291;11882.9554;0.10;1150.8;1203.7;7
1785954410584;17014.5291;11882.9555;0.10;1150.8;1203.7;7
1785954414155;17014.5282;11882.9548;0.44;1150.8;1203.7;8
1785954416316;17014.5280;11882.9550;0.44;1150.8;1203.7;9
1785954420158;17014.5291;11882.9540;0.51;1150.8;1203.7;10
1785954423225;17014.5281;11882.9539;0.14;1150.8;1203.7;10
1785954426153;17014.5297;11882.9526;0.11;1147.8;1203.8;10
1785954429196;17014.5298;11882.9523;0.10;1147.8;1203.8;10
1785954432235;17014.5310;11882.9513;0.10;1147.8;1203.7;9
1785954435235;17014.5307;11882.9514;0.41;1147.8;1203.7;9
1785954438265;17014.5318;11882.9513;1.19;1147.8;1203.7;8
1785954441226;17014.5329;11882.9530;1.44;1147.8;1203.7;10
1785954444249;17014.5343;11882.9546;1.10;1150.8;1203.7;13
1785954447200;17014.5346;11882.9570;1.02;1150.8;1203.7;15
1785954449052;17014.5343;11882.9575;1.02;1150.8;1203.7;17
1785954453242;17014.5350;11882.9591;0.61;1150.8;1203.7;16
1785954455291;17014.5348;11882.9597;0.61;1150.8;1203.7;17
1785954459260;17014.5331;11882.9577;0.02;1150.8;1203.7;14
1785954461705;17014.5329;11882.9577;0.02;1150.8;1203.7;13
1785954465238;17014.5325;11882.9560;0.07;1150.8;1203.7;11
1785954467895;17014.5324;11882.9561;0.07;1150.8;1203.7;10
1786171999715;17002.8290;11854.6457;1.10;1530.2;1584.2;8
1786172002693;17002.8258;11854.6474;0.00;1530.2;1584.2;9
1786172005632;17002.8268;11854.6489;0.00;1530.2;1584.2;7
1786172008614;17002.8267;11854.6490;0.01;1530.2;1584.2;5
1786172011622;17002.8267;11854.6489;0.01;1530.2;1584.2;4
1786172014653;17002.8266;11854.6488;0.01;1530.2;1584.2;3
1786172017691;17002.8266;11854.6488;0.02;1530.2;1584.2;3
1786172020688;17002.8266;11854.6489;0.02;1530.2;1584.2;3
1786172023698;17002.8265;11854.6488;0.02;1530.2;1584.2;3
1786172026651;17002.8264;11854.6487;0.02;1530.2;1584.2;3
1786172028983;17002.8264;11854.6487;0.02;1530.2;1584.2;3
1786172032706;17002.8262;11854.6486;0.03;1530.2;1584.2;3
1786172035620;17002.8261;11854.6485;0.03;1530.2;1584.2;3
1786172038631;17002.8260;11854.6484;0.03;1530.2;1584.2;3
1786172041615;17002.8259;11854.6483;0.03;1530.2;1584.2;3
1786172044705;17002.8257;11854.6481;0.03;1530.2;1584.2;3
1786172046141;17002.8257;11854.6481;0.03;1530.2;1584.2;3
1786172047644;17002.8252;11854.6475;0.12;1530.2;1584.2;3
1786172050607;17002.8248;11854.6469;0.07;1530.2;1584.2;3
1786172052242;17002.8247;11854.6469;0.07;1530.2;1584.2;3
1786172053681;17002.8246;11854.6467;0.07;1530.2;1584.2;3
1786172056625;17002.8246;11854.6465;0.07;1530.2;1584.2;3
1786172058457;17002.8245;11854.6465;0.07;1530.2;1584.2;3
1786172062700;17002.8244;11854.6463;0.06;1530.2;1584.2;3
1786172064681;17002.8244;11854.6462;0.06;1530.2;1584.2;3
1786172068641;17002.8239;11854.6457;0.06;1530.2;1584.2;3
1786172070687;17002.8239;11854.6457;0.06;1530.2;1584.2;3
1786172074616;17002.8236;11854.6455;0.05;1530.2;1584.2;3
1786172076846;17002.8236;11854.6455;0.05;1530.2;1584.2;3
1786172080622;17002.8235;11854.6454;0.05;1530.2;1584.2;3
1786172083049;17002.8235;11854.6453;0.05;1530.2;1584.2;3
1786172086662;17002.8235;11854.6453;0.05;1530.2;1584.2;3
1786172089164;17002.8235;11854.6453;0.05;1530.2;1584.2;3
1786172092644;17002.8235;11854.6452;0.05;1530.2;1584.2;3
1786172095247;17002.8235;11854.6451;0.05;1530.2;1584.2;3
1786172098635;17002.8235;11854.6453;0.04;1530.2;1584.2;3
1786172101456;17002.8235;11854.6452;0.05;1530.2;1584.2;3
1786172104618;17002.8236;11854.6455;0.04;1530.2;1584.2;3
1786172107548;17002.8236;11854.6455;0.04;1530.2;1584.2;3
1786172110692;17002.8237;11854.6457;0.03;1530.2;1584.2;3
1786172113604;17002.8237;11854.6458;0.03;1530.2;1584.2;3
1786172116614;17002.8238;11854.6459;0.03;1530.2;1584.2;3
1786172119617;17002.8238;11854.6459;0.03;1530.2;1584.2;3
1786172122697;17002.8238;11854.6460;0.03;1530.2;1584.2;3
1786172125674;17002.8238;11854.6461;0.03;1530.2;1584.2;3
1786172128715;17002.8238;11854.6461;0.03;1530.2;1584.2;3
1786172131617;17002.8238;11854.6462;0.03;1530.2;1584.2;3
1786172134671;17002.8238;11854.6463;0.03;1530.2;1584.2;3
1786172137616;17002.8239;11854.6463;0.03;1530.2;1584.2;3
1786172140614;17002.8239;11854.6463;0.03;1530.2;1584.2;3
1786172143633;17002.8239;11854.6464;0.03;1530.2;1584.2;3
1786172146613;17002.8239;11854.6464;0.03;1530.2;1584.2;3
1786172149651;17002.8239;11854.6464;0.03;1530.2;1584.2;3
1786172152618;17002.8239;11854.6464;0.03;1530.2;1584.2;3
1786172155616;17002.8239;11854.6464;0.03;1530.2;1584.2;3
1786172158623;17002.8239;11854.6464;0.03;1530.2;1584.2;3
1786172161664;17002.8239;11854.6464;0.03;1530.2;1584.2;3
1786172164699;17002.8239;11854.6464;0.03;1530.2;1584.2;3
1786172167675;17002.8239;11854.6464;0.03;1530.2;1584.2;3
1786172169036;17002.8239;11854.6464;0.03;1530.2;1584.2;3
1786172170627;17002.8238;11854.6464;0.03;1530.2;1584.2;3
1786172173670;17002.8238;11854.6464;0.03;1530.2;1584.2;3
1786172175198;17002.8238;11854.6464;0.03;1530.2;1584.2;3
1786172176677;17002.8238;11854.6465;0.03;1530.2;1584.2;3
1786172179617;17002.8238;11854.6465;0.03;1530.2;1584.2;3
1786172181275;17002.8238;11854.6464;0.03;1530.2;1584.2;3
1786172182683;17002.8238;11854.6464;0.11;1530.2;1584.2;3
1786172185638;17002.8238;11854.6463;0.04;1530.2;1584.2;3
1786172187493;17002.8238;11854.6463;0.05;1530.2;1584.2;3
1786172191613;17002.8238;11854.6462;0.02;1530.2;1584.2;3
1786172193555;17002.8238;11854.6462;0.03;1530.2;1584.2;3
1786172197614;17002.8238;11854.6462;0.03;1530.2;1584.2;3
1786172199736;17002.8238;11854.6462;0.03;1530.2;1584.2;3
1786172203613;17002.8238;11854.6461;0.03;1530.2;1584.2;3
1786172205839;17002.8238;11854.6461;0.03;1530.2;1584.2;3
1786172209611;17002.8239;11854.6460;0.03;1530.2;1584.2;3
1786172212086;17002.8239;11854.6460;0.03;1530.2;1584.2;3
1786172215693;17002.8239;11854.6460;0.03;1530.2;1584.2;3
1786172218176;17002.8239;11854.6460;0.03;1530.2;1584.2;3
1786172221618;17002.8239;11854.6460;0.03;1530.2;1584.2;3
1786172224312;17002.8239;11854.6460;0.03;1530.2;1584.2;3
1786172227614;17002.8239;11854.6459;0.03;1530.2;1584.2;3
1786172230417;17002.8239;11854.6459;0.03;1530.2;1584.2;3
1786172233691;17002.8239;11854.6459;0.03;1530.2;1584.2;3
1786172236591;17002.8240;11854.6459;0.03;1530.2;1584.2;3
1786172239633;17002.8240;11854.6459;0.03;1530.2;1584.2;3
1786172242634;17002.8240;11854.6459;0.03;1530.2;1584.2;3
1786172245708;17002.8240;11854.6459;0.03;1530.2;1584.2;3
1786172248686;17002.8240;11854.6459;0.03;1530.2;1584.2;3
1786172251627;17002.8239;11854.6459;0.03;1530.2;1584.2;3
1786172254676;17002.8239;11854.6459;0.03;1530.2;1584.2;3
1786172257693;17002.8239;11854.6459;0.03;1530.2;1584.2;3
1786172260680;17002.8238;11854.6459;0.03;1530.2;1584.2;3
1786172263608;17002.8238;11854.6459;0.03;1530.2;1584.2;3
1786172266670;17002.8238;11854.6459;0.03;1530.2;1584.2;3
1786172269655;17002.8238;11854.6459;0.03;1530.2;1584.2;3
1786172272665;17002.8238;11854.6459;0.03;1530.2;1584.2;3
1786172275625;17002.8238;11854.6459;0.03;1530.2;1584.2;3
1786172278695;17002.8238;11854.6459;0.03;1530.2;1584.2;3
1786172281644;17002.8237;11854.6459;0.03;1530.2;1584.2;3
1786172284612;17002.8237;11854.6459;0.03;1530.2;1584.2;3
1786172287646;17002.8237;11854.6459;0.03;1530.2;1584.2;3
1786172290607;17002.8236;11854.6459;0.03;1530.2;1584.2;3
1786172293656;17002.8236;11854.6459;0.03;1530.2;1584.2;3
1786172296615;17002.8236;11854.6459;0.04;1530.2;1584.2;3
1786172298040;17002.8236;11854.6459;0.04;1530.2;1584.2;3
1786172299616;17002.8236;11854.6459;0.04;1530.2;1584.2;3
1786172302616;17002.8236;11854.6459;0.04;1530.2;1584.2;3
1786172304217;17002.8236;11854.6459;0.04;1530.2;1584.2;3
1786172305674;17002.8236;11854.6458;0.04;1530.2;1584.2;3
1786172308677;17002.8235;11854.6458;0.03;1530.2;1584.2;3
1786172310434;17002.8236;11854.6458;0.03;1530.2;1584.2;3
1786172314615;17002.8235;11854.6457;0.04;1530.2;1584.2;3
1786172316499;17002.8235;11854.6457;0.04;1530.2;1584.2;3
1786172320692;17002.8235;11854.6457;0.04;1530.2;1584.2;3
1786172322629;17002.8235;11854.6457;0.04;1530.2;1584.2;3
1786172324782;17002.8234;11854.6456;0.05;1530.2;1584.2;3
1786172326604;17002.8234;11854.6456;0.05;1530.2;1584.2;3
1786172328754;17002.8234;11854.6456;0.05;1530.2;1584.2;3
1786172332661;17002.8234;11854.6456;0.04;1530.2;1584.2;3
1786172334878;17002.8234;11854.6456;0.04;1530.2;1584.2;3
1786172338709;17002.8234;11854.6456;0.04;1530.2;1584.2;3
1786172341103;17002.8234;11854.6457;0.04;1530.2;1584.2;3
1786172344697;17002.8235;11854.6457;0.03;1530.2;1584.2;3
1786172347267;17002.8235;11854.6457;0.03;1530.2;1584.2;3
1786172350629;17002.8234;11854.6456;0.03;1530.2;1584.2;3
1786172353394;17002.8235;11854.6456;0.03;1530.2;1584.2;3
1786172356686;17002.8235;11854.6456;0.03;1530.2;1584.2;3
1786172359484;17002.8235;11854.6456;0.03;1530.2;1584.2;3
1786172362632;17002.8235;11854.6456;0.03;1530.2;1584.2;3
1786187963656;17002.1186;11854.2891;0.21;1477.0;1531.0;14
1786187966669;17002.1217;11854.3014;0.00;1494.0;1548.0;11
1786187969602;17002.1213;11854.3015;0.00;1494.0;1548.0;7
1786187972680;17002.1210;11854.3016;0.01;1495.0;1549.0;7
1786187975605;17002.1209;11854.3015;0.01;1495.0;1549.0;7
